Service:RDT-ID,Service:Date,Service:Type,Service:Company,Service:Train number,Service:Completely cancelled,Service:Partly cancelled,Service:Maximum delay,Stop:RDT-ID,Stop:Station code,Stop:Station name,Stop:Arrival time,Stop:Arrival delay,Stop:Arrival cancelled,Stop:Departure time,Stop:Departure delay,Stop:Departure cancelled,Stop:Platform change,Stop:Planned platform,Stop:Actual platform
12695448,2024-01-02,Intercity,NS Int,242,False,False,0,114353118,BH,Bad Bentheim,2024-01-02T07:48:00+01:00,6.0,False,2024-01-02T07:51:00+01:00,9.0,False,False,,
12695448,2024-01-02,Intercity,NS Int,242,False,False,0,114353119,HGL,Hengelo,2024-01-02T08:07:00+01:00,14.0,False,2024-01-02T08:09:00+01:00,14.0,False,False,2,2
12695448,2024-01-02,Intercity,NS Int,242,False,False,0,114353120,DV,Deventer,2024-01-02T08:41:00+01:00,16.0,False,2024-01-02T08:45:00+01:00,13.0,False,True,3,4
12695448,2024-01-02,Intercity,NS Int,242,False,False,0,114353121,APD,Apeldoorn,2024-01-02T08:57:00+01:00,14.0,False,2024-01-02T08:59:00+01:00,14.0,False,False,1,1
12695448,2024-01-02,Intercity,NS Int,242,False,False,0,114353122,AMF,Amersfoort Centraal,2024-01-02T09:24:00+01:00,13.0,False,2024-01-02T09:26:00+01:00,13.0,False,False,7,7
12695539,2024-01-02,Stoptrein,Eurobahn,20354,False,False,0,114354041,BH,Bad Bentheim,2024-01-02T08:03:00+01:00,2.0,False,2024-01-02T08:08:00+01:00,0.0,False,False,,
12695539,2024-01-02,Stoptrein,Eurobahn,20354,False,False,0,114354042,ODZ,Oldenzaal,2024-01-02T08:17:00+01:00,3.0,False,2024-01-02T08:18:00+01:00,2.0,False,False,1a,1a
12695539,2024-01-02,Stoptrein,Eurobahn,20354,False,False,0,114354043,HGL,Hengelo,2024-01-02T08:26:00+01:00,2.0,False,,,,False,11,11
12695641,2024-01-02,Intercity,NS,3620,False,False,0,114355054,DV,Deventer,2024-01-02T08:45:00+01:00,1.0,False,2024-01-02T08:46:00+01:00,1.0,False,False,4,4
12695819,2024-01-02,Intercity,NS,3622,False,False,0,114356801,DV,Deventer,2024-01-02T09:15:00+01:00,0.0,False,2024-01-02T09:16:00+01:00,0.0,False,False,4,4
12695895,2024-01-02,Stoptrein,Eurobahn,20358,False,False,0,114357547,BH,Bad Bentheim,2024-01-02T09:03:00+01:00,3.0,False,2024-01-02T09:08:00+01:00,0.0,False,False,,
12695895,2024-01-02,Stoptrein,Eurobahn,20358,False,False,0,114357548,ODZ,Oldenzaal,2024-01-02T09:17:00+01:00,3.0,False,2024-01-02T09:18:00+01:00,3.0,False,False,1a,1a
12695895,2024-01-02,Stoptrein,Eurobahn,20358,False,False,0,114357549,HGL,Hengelo,2024-01-02T09:26:00+01:00,2.0,False,,,,False,11,11
12695990,2024-01-02,Intercity,NS,3624,False,False,0,114358494,DV,Deventer,2024-01-02T09:45:00+01:00,1.0,False,2024-01-02T09:46:00+01:00,2.0,False,True,4,3
12696125,2024-01-02,Sprinter,NS,7028,False,False,0,114359793,HGL,Hengelo,2024-01-02T08:01:00+01:00,0.0,False,2024-01-02T08:02:00+01:00,0.0,False,False,2a,2a
12696125,2024-01-02,Sprinter,NS,7028,False,False,0,114359794,BN,Borne,2024-01-02T08:07:00+01:00,0.0,False,2024-01-02T08:07:00+01:00,0.0,False,False,2,2
12696125,2024-01-02,Sprinter,NS,7028,False,False,0,114359795,AMRI,Almelo de Riet,2024-01-02T08:12:00+01:00,0.0,False,2024-01-02T08:12:00+01:00,0.0,False,False,1,1
12696125,2024-01-02,Sprinter,NS,7028,False,False,0,114359796,AML,Almelo,2024-01-02T08:15:00+01:00,0.0,False,2024-01-02T08:23:00+01:00,2.0,False,False,4b,4b
12696125,2024-01-02,Sprinter,NS,7028,False,False,0,114359797,WDN,Wierden,2024-01-02T08:28:00+01:00,1.0,False,2024-01-02T08:28:00+01:00,1.0,False,False,2,2
12696125,2024-01-02,Sprinter,NS,7028,False,False,0,114359798,RSN,Rijssen,2024-01-02T08:33:00+01:00,2.0,False,2024-01-02T08:33:00+01:00,2.0,False,False,3,3
12696125,2024-01-02,Sprinter,NS,7028,False,False,0,114359799,HON,Holten,2024-01-02T08:39:00+01:00,1.0,False,2024-01-02T08:39:00+01:00,1.0,False,False,2,2
12696125,2024-01-02,Sprinter,NS,7028,False,False,0,114359800,DVC,Deventer Colmschate,2024-01-02T08:49:00+01:00,0.0,False,2024-01-02T08:49:00+01:00,0.0,False,False,1,1
12696125,2024-01-02,Sprinter,NS,7028,False,False,0,114359801,DV,Deventer,2024-01-02T08:54:00+01:00,0.0,False,2024-01-02T08:55:00+01:00,0.0,False,True,4,3
12696125,2024-01-02,Sprinter,NS,7028,False,False,0,114359802,TWL,Twello,2024-01-02T09:00:00+01:00,0.0,False,2024-01-02T09:00:00+01:00,0.0,False,False,2,2
12696125,2024-01-02,Sprinter,NS,7028,False,False,0,114359803,APDO,Apeldoorn Osseveld,2024-01-02T09:06:00+01:00,0.0,False,2024-01-02T09:06:00+01:00,0.0,False,False,2,2
12696125,2024-01-02,Sprinter,NS,7028,False,False,0,114359804,APD,Apeldoorn,2024-01-02T09:10:00+01:00,0.0,False,,,,False,2,2
12696157,2024-01-02,Intercity,NS,3626,False,False,0,114360147,DV,Deventer,2024-01-02T10:15:00+01:00,0.0,False,2024-01-02T10:16:00+01:00,0.0,False,False,4,4
12696172,2024-01-02,Stoptrein,Blauwnet,31228,False,False,1,114360278,ODZ,Oldenzaal,,,,2024-01-02T08:03:00+01:00,0.0,False,False,1b,1b
12696172,2024-01-02,Stoptrein,Blauwnet,31228,False,False,0,114360279,HGLO,Hengelo Oost,2024-01-02T08:09:00+01:00,1.0,False,2024-01-02T08:09:00+01:00,1.0,False,False,1,1
12696172,2024-01-02,Stoptrein,Blauwnet,31228,False,False,0,114360280,HGL,Hengelo,2024-01-02T08:13:00+01:00,1.0,False,2024-01-02T08:14:00+01:00,1.0,False,False,2a,2a
12696186,2024-01-02,Sprinter,Blauwnet,7928,False,False,0,114360435,HGL,Hengelo,2024-01-02T08:13:00+01:00,0.0,False,2024-01-02T08:17:00+01:00,0.0,False,False,2b,2b
12696186,2024-01-02,Sprinter,Blauwnet,7928,False,False,0,114360436,BN,Borne,2024-01-02T08:22:00+01:00,0.0,False,2024-01-02T08:22:00+01:00,0.0,False,False,2,2
12696186,2024-01-02,Sprinter,Blauwnet,7928,False,False,0,114360437,AMRI,Almelo de Riet,2024-01-02T08:27:00+01:00,1.0,False,2024-01-02T08:27:00+01:00,1.0,False,False,1,1
12696186,2024-01-02,Sprinter,Blauwnet,7928,False,False,0,114360438,AML,Almelo,2024-01-02T08:30:00+01:00,1.0,False,2024-01-02T08:31:00+01:00,4.0,False,False,4b,4b
12696186,2024-01-02,Sprinter,Blauwnet,7928,False,False,0,114360439,WDN,Wierden,2024-01-02T08:36:00+01:00,6.0,False,2024-01-02T08:36:00+01:00,6.0,False,False,3,3
12696294,2024-01-02,Sprinter,NS,7030,False,False,0,114361488,HGL,Hengelo,2024-01-02T08:31:00+01:00,2.0,False,2024-01-02T08:32:00+01:00,1.0,False,False,2a,2a
12696294,2024-01-02,Sprinter,NS,7030,False,False,0,114361489,BN,Borne,2024-01-02T08:37:00+01:00,1.0,False,2024-01-02T08:37:00+01:00,1.0,False,False,2,2
12696294,2024-01-02,Sprinter,NS,7030,False,False,0,114361490,AMRI,Almelo de Riet,2024-01-02T08:42:00+01:00,1.0,False,2024-01-02T08:42:00+01:00,1.0,False,False,1,1
12696294,2024-01-02,Sprinter,NS,7030,False,False,0,114361491,AML,Almelo,2024-01-02T08:45:00+01:00,1.0,False,2024-01-02T08:53:00+01:00,0.0,False,False,4b,4b
12696294,2024-01-02,Sprinter,NS,7030,False,False,0,114361492,WDN,Wierden,2024-01-02T08:58:00+01:00,1.0,False,2024-01-02T08:58:00+01:00,1.0,False,False,2,2
12696294,2024-01-02,Sprinter,NS,7030,False,False,0,114361493,RSN,Rijssen,2024-01-02T09:03:00+01:00,2.0,False,2024-01-02T09:03:00+01:00,2.0,False,False,3,3
12696294,2024-01-02,Sprinter,NS,7030,False,False,0,114361494,HON,Holten,2024-01-02T09:09:00+01:00,1.0,False,2024-01-02T09:09:00+01:00,1.0,False,False,2,2
12696294,2024-01-02,Sprinter,NS,7030,False,False,0,114361495,DVC,Deventer Colmschate,2024-01-02T09:19:00+01:00,0.0,False,2024-01-02T09:19:00+01:00,0.0,False,False,1,1
12696294,2024-01-02,Sprinter,NS,7030,False,False,0,114361496,DV,Deventer,2024-01-02T09:24:00+01:00,0.0,False,2024-01-02T09:25:00+01:00,0.0,False,False,4,4
12696294,2024-01-02,Sprinter,NS,7030,False,False,0,114361497,TWL,Twello,2024-01-02T09:30:00+01:00,0.0,False,2024-01-02T09:30:00+01:00,0.0,False,False,2,2
12696294,2024-01-02,Sprinter,NS,7030,False,False,0,114361498,APDO,Apeldoorn Osseveld,2024-01-02T09:36:00+01:00,0.0,False,2024-01-02T09:36:00+01:00,0.0,False,False,2,2
12696294,2024-01-02,Sprinter,NS,7030,False,False,0,114361499,APD,Apeldoorn,2024-01-02T09:40:00+01:00,0.0,False,,,,False,2,2
12696340,2024-01-02,Intercity,Blauwnet,17930,False,False,0,114361945,HGL,Hengelo,2024-01-02T08:38:00+01:00,1.0,False,2024-01-02T08:39:00+01:00,1.0,False,False,2a,2a
12696340,2024-01-02,Intercity,Blauwnet,17930,False,False,0,114361946,AML,Almelo,2024-01-02T08:49:00+01:00,1.0,False,2024-01-02T08:50:00+01:00,0.0,False,False,4a,4a
12696348,2024-01-02,Stoptrein,Blauwnet,31230,False,False,1,114362002,ODZ,Oldenzaal,,,,2024-01-02T08:33:00+01:00,0.0,False,False,1a,1a
12696348,2024-01-02,Stoptrein,Blauwnet,31230,False,False,0,114362003,HGLO,Hengelo Oost,2024-01-02T08:39:00+01:00,0.0,False,2024-01-02T08:39:00+01:00,0.0,False,False,1,1
12696348,2024-01-02,Stoptrein,Blauwnet,31230,False,False,0,114362004,HGL,Hengelo,2024-01-02T08:43:00+01:00,0.0,False,2024-01-02T08:46:00+01:00,0.0,False,False,2a,2a
12696362,2024-01-02,Sprinter,Blauwnet,7930,False,False,0,114362156,HGL,Hengelo,2024-01-02T08:43:00+01:00,2.0,False,2024-01-02T08:47:00+01:00,0.0,False,False,2b,2b
12696362,2024-01-02,Sprinter,Blauwnet,7930,False,False,0,114362157,BN,Borne,2024-01-02T08:52:00+01:00,0.0,False,2024-01-02T08:52:00+01:00,0.0,False,False,2,2
12696362,2024-01-02,Sprinter,Blauwnet,7930,False,False,0,114362158,AMRI,Almelo de Riet,2024-01-02T08:57:00+01:00,0.0,False,2024-01-02T08:57:00+01:00,0.0,False,False,1,1
12696362,2024-01-02,Sprinter,Blauwnet,7930,False,False,0,114362159,AML,Almelo,2024-01-02T09:00:00+01:00,0.0,False,2024-01-02T09:01:00+01:00,0.0,False,False,4b,4b
12696362,2024-01-02,Sprinter,Blauwnet,7930,False,False,0,114362160,WDN,Wierden,2024-01-02T09:05:00+01:00,0.0,False,2024-01-02T09:07:00+01:00,0.0,False,False,3,3
12696422,2024-01-02,Intercity,NS,1730,False,False,0,114362745,HGL,Hengelo,2024-01-02T08:53:00+01:00,0.0,False,2024-01-02T08:54:00+01:00,0.0,False,False,2a,2a
12696422,2024-01-02,Intercity,NS,1730,False,False,0,114362746,AML,Almelo,2024-01-02T09:05:00+01:00,0.0,False,2024-01-02T09:06:00+01:00,0.0,False,False,4b,4b
12696422,2024-01-02,Intercity,NS,1730,False,False,0,114362747,DV,Deventer,2024-01-02T09:30:00+01:00,0.0,False,2024-01-02T09:33:00+01:00,13.0,False,False,4,4
12696422,2024-01-02,Intercity,NS,1730,False,False,0,114362748,APD,Apeldoorn,2024-01-02T09:43:00+01:00,12.0,False,2024-01-02T09:44:00+01:00,13.0,False,False,1,1
12696422,2024-01-02,Intercity,NS,1730,False,False,0,114362749,AMF,Amersfoort Centraal,2024-01-02T10:08:00+01:00,12.0,False,2024-01-02T10:10:00+01:00,12.0,False,False,6,6
12696465,2024-01-02,Sprinter,NS,7032,False,False,0,114363172,HGL,Hengelo,2024-01-02T09:01:00+01:00,0.0,False,2024-01-02T09:02:00+01:00,0.0,False,False,2a,2a
12696465,2024-01-02,Sprinter,NS,7032,False,False,0,114363173,BN,Borne,2024-01-02T09:07:00+01:00,0.0,False,2024-01-02T09:07:00+01:00,0.0,False,False,2,2
12696465,2024-01-02,Sprinter,NS,7032,False,False,0,114363174,AMRI,Almelo de Riet,2024-01-02T09:12:00+01:00,0.0,False,2024-01-02T09:12:00+01:00,0.0,False,False,1,1
12696465,2024-01-02,Sprinter,NS,7032,False,False,0,114363175,AML,Almelo,2024-01-02T09:15:00+01:00,0.0,False,2024-01-02T09:23:00+01:00,0.0,False,False,4b,4b
12696465,2024-01-02,Sprinter,NS,7032,False,False,0,114363176,WDN,Wierden,2024-01-02T09:28:00+01:00,0.0,False,2024-01-02T09:28:00+01:00,0.0,False,False,2,2
12696465,2024-01-02,Sprinter,NS,7032,False,False,0,114363177,RSN,Rijssen,2024-01-02T09:33:00+01:00,0.0,False,2024-01-02T09:33:00+01:00,0.0,False,False,3,3
12696465,2024-01-02,Sprinter,NS,7032,False,False,0,114363178,HON,Holten,2024-01-02T09:39:00+01:00,0.0,False,2024-01-02T09:39:00+01:00,0.0,False,False,2,2
12696465,2024-01-02,Sprinter,NS,7032,False,False,0,114363179,DVC,Deventer Colmschate,2024-01-02T09:49:00+01:00,0.0,False,2024-01-02T09:49:00+01:00,0.0,False,False,1,1
12696465,2024-01-02,Sprinter,NS,7032,False,False,0,114363180,DV,Deventer,2024-01-02T09:54:00+01:00,0.0,False,2024-01-02T09:55:00+01:00,0.0,False,True,4,3
12696465,2024-01-02,Sprinter,NS,7032,False,False,0,114363181,TWL,Twello,2024-01-02T10:00:00+01:00,0.0,False,2024-01-02T10:00:00+01:00,0.0,False,False,2,2
12696465,2024-01-02,Sprinter,NS,7032,False,False,0,114363182,APDO,Apeldoorn Osseveld,2024-01-02T10:06:00+01:00,0.0,False,2024-01-02T10:06:00+01:00,0.0,False,False,2,2
12696465,2024-01-02,Sprinter,NS,7032,False,False,0,114363183,APD,Apeldoorn,2024-01-02T10:10:00+01:00,0.0,False,,,,False,2,2
12696468,2024-01-02,Stoptrein,RRReis,31314,False,False,0,114363209,BNN,Barneveld Noord,2024-01-02T09:16:00+01:00,0.0,False,2024-01-02T09:17:00+01:00,0.0,False,False,1,1
12696468,2024-01-02,Stoptrein,RRReis,31314,False,False,0,114363210,HVL,Hoevelaken,2024-01-02T09:24:00+01:00,0.0,False,2024-01-02T09:25:00+01:00,0.0,False,False,1,1
12696468,2024-01-02,Stoptrein,RRReis,31314,False,False,0,114363211,AMF,Amersfoort Centraal,2024-01-02T09:31:00+01:00,0.0,False,,,,False,4b,4b
12696515,2024-01-02,Stoptrein,Blauwnet,31232,False,False,2,114363695,ODZ,Oldenzaal,,,,2024-01-02T09:03:00+01:00,0.0,False,False,1a,1a
12696515,2024-01-02,Stoptrein,Blauwnet,31232,False,False,0,114363696,HGLO,Hengelo Oost,2024-01-02T09:09:00+01:00,0.0,False,2024-01-02T09:09:00+01:00,0.0,False,False,1,1
12696515,2024-01-02,Stoptrein,Blauwnet,31232,False,False,0,114363697,HGL,Hengelo,2024-01-02T09:13:00+01:00,0.0,False,2024-01-02T09:16:00+01:00,0.0,False,False,2a,2a
12696525,2024-01-02,Sprinter,Blauwnet,7932,False,False,0,114363811,HGL,Hengelo,2024-01-02T09:13:00+01:00,0.0,False,2024-01-02T09:17:00+01:00,0.0,False,False,2b,2b
12696525,2024-01-02,Sprinter,Blauwnet,7932,False,False,0,114363812,BN,Borne,2024-01-02T09:22:00+01:00,0.0,False,2024-01-02T09:22:00+01:00,0.0,False,False,2,2
12696525,2024-01-02,Sprinter,Blauwnet,7932,False,False,0,114363813,AMRI,Almelo de Riet,2024-01-02T09:27:00+01:00,0.0,False,2024-01-02T09:27:00+01:00,0.0,False,False,1,1
12696525,2024-01-02,Sprinter,Blauwnet,7932,False,False,0,114363814,AML,Almelo,2024-01-02T09:30:00+01:00,0.0,False,2024-01-02T09:31:00+01:00,0.0,False,False,4b,4b
12696525,2024-01-02,Sprinter,Blauwnet,7932,False,False,0,114363815,WDN,Wierden,2024-01-02T09:36:00+01:00,0.0,False,2024-01-02T09:36:00+01:00,0.0,False,False,3,3
12696625,2024-01-02,Stoptrein,RRReis,31418,False,False,0,114364816,BNN,Barneveld Noord,2024-01-02T09:32:00+01:00,0.0,False,2024-01-02T09:33:00+01:00,0.0,False,False,1,1
12696625,2024-01-02,Stoptrein,RRReis,31418,False,False,0,114364817,HVL,Hoevelaken,2024-01-02T09:39:00+01:00,0.0,False,2024-01-02T09:40:00+01:00,0.0,False,False,1,1
12696625,2024-01-02,Stoptrein,RRReis,31418,False,False,0,114364818,AMF,Amersfoort Centraal,2024-01-02T09:46:00+01:00,0.0,False,,,,False,4b,4b
12696633,2024-01-02,Sprinter,NS,7034,False,False,0,114364881,HGL,Hengelo,2024-01-02T09:31:00+01:00,0.0,False,2024-01-02T09:32:00+01:00,1.0,False,False,2a,2a
12696633,2024-01-02,Sprinter,NS,7034,False,False,0,114364882,BN,Borne,2024-01-02T09:37:00+01:00,1.0,False,2024-01-02T09:37:00+01:00,1.0,False,False,2,2
12696633,2024-01-02,Sprinter,NS,7034,False,False,0,114364883,AMRI,Almelo de Riet,2024-01-02T09:42:00+01:00,2.0,False,2024-01-02T09:42:00+01:00,2.0,False,False,1,1
12696633,2024-01-02,Sprinter,NS,7034,False,False,0,114364884,AML,Almelo,2024-01-02T09:45:00+01:00,2.0,False,2024-01-02T09:53:00+01:00,0.0,False,False,4b,4b
12696633,2024-01-02,Sprinter,NS,7034,False,False,0,114364885,WDN,Wierden,2024-01-02T09:58:00+01:00,0.0,False,2024-01-02T09:58:00+01:00,0.0,False,False,2,2
12696633,2024-01-02,Sprinter,NS,7034,False,False,0,114364886,RSN,Rijssen,2024-01-02T10:03:00+01:00,0.0,False,2024-01-02T10:03:00+01:00,0.0,False,False,3,3
12696633,2024-01-02,Sprinter,NS,7034,False,False,0,114364887,HON,Holten,2024-01-02T10:09:00+01:00,0.0,False,2024-01-02T10:09:00+01:00,0.0,False,False,2,2
12696633,2024-01-02,Sprinter,NS,7034,False,False,0,114364888,DVC,Deventer Colmschate,2024-01-02T10:19:00+01:00,0.0,False,2024-01-02T10:19:00+01:00,0.0,False,False,1,1
12696633,2024-01-02,Sprinter,NS,7034,False,False,0,114364889,DV,Deventer,2024-01-02T10:24:00+01:00,0.0,False,2024-01-02T10:25:00+01:00,0.0,False,False,4,4
12696633,2024-01-02,Sprinter,NS,7034,False,False,0,114364890,TWL,Twello,2024-01-02T10:30:00+01:00,0.0,False,2024-01-02T10:30:00+01:00,0.0,False,False,2,2
12696633,2024-01-02,Sprinter,NS,7034,False,False,0,114364891,APDO,Apeldoorn Osseveld,2024-01-02T10:36:00+01:00,0.0,False,2024-01-02T10:36:00+01:00,0.0,False,False,2,2
12696633,2024-01-02,Sprinter,NS,7034,False,False,0,114364892,APD,Apeldoorn,2024-01-02T10:40:00+01:00,0.0,False,,,,False,2,2
12696637,2024-01-02,Stoptrein,RRReis,31316,False,False,0,114364921,BNN,Barneveld Noord,2024-01-02T09:46:00+01:00,0.0,False,2024-01-02T09:47:00+01:00,0.0,False,False,1,1
12696637,2024-01-02,Stoptrein,RRReis,31316,False,False,0,114364922,HVL,Hoevelaken,2024-01-02T09:54:00+01:00,0.0,False,2024-01-02T09:55:00+01:00,0.0,False,False,1,1
12696637,2024-01-02,Stoptrein,RRReis,31316,False,False,0,114364923,AMF,Amersfoort Centraal,2024-01-02T10:01:00+01:00,0.0,False,,,,False,4b,4b
12696675,2024-01-02,Intercity,Blauwnet,17934,False,False,0,114365308,HGL,Hengelo,2024-01-02T09:38:00+01:00,0.0,False,2024-01-02T09:39:00+01:00,0.0,False,False,2a,2a
12696675,2024-01-02,Intercity,Blauwnet,17934,False,False,0,114365309,AML,Almelo,2024-01-02T09:49:00+01:00,0.0,False,2024-01-02T09:50:00+01:00,0.0,False,False,4a,4a
12696687,2024-01-02,Stoptrein,Blauwnet,31234,False,False,1,114365404,ODZ,Oldenzaal,,,,2024-01-02T09:33:00+01:00,0.0,False,False,1a,1a
12696687,2024-01-02,Stoptrein,Blauwnet,31234,False,False,0,114365405,HGLO,Hengelo Oost,2024-01-02T09:39:00+01:00,1.0,False,2024-01-02T09:39:00+01:00,1.0,False,False,1,1
12696687,2024-01-02,Stoptrein,Blauwnet,31234,False,False,0,114365406,HGL,Hengelo,2024-01-02T09:43:00+01:00,0.0,False,2024-01-02T09:46:00+01:00,0.0,False,False,2a,2a
12696747,2024-01-02,Intercity,NS,1734,False,False,0,114366018,HGL,Hengelo,2024-01-02T09:52:00+01:00,0.0,False,2024-01-02T09:54:00+01:00,0.0,False,False,2,2
12696747,2024-01-02,Intercity,NS,1734,False,False,0,114366019,AML,Almelo,2024-01-02T10:05:00+01:00,0.0,False,2024-01-02T10:06:00+01:00,0.0,False,False,4,4
12696747,2024-01-02,Intercity,NS,1734,False,False,0,114366020,DV,Deventer,2024-01-02T10:30:00+01:00,0.0,False,2024-01-02T10:33:00+01:00,0.0,False,False,4,4
12696747,2024-01-02,Intercity,NS,1734,False,False,0,114366021,APD,Apeldoorn,2024-01-02T10:43:00+01:00,0.0,False,2024-01-02T10:44:00+01:00,1.0,False,False,1,1
12696747,2024-01-02,Intercity,NS,1734,False,False,0,114366022,AMF,Amersfoort Centraal,2024-01-02T11:08:00+01:00,1.0,False,2024-01-02T11:10:00+01:00,0.0,False,False,6,6
12696788,2024-01-02,Stoptrein,RRReis,31420,False,False,0,114366428,BNN,Barneveld Noord,2024-01-02T10:02:00+01:00,0.0,False,2024-01-02T10:03:00+01:00,0.0,False,False,1,1
12696788,2024-01-02,Stoptrein,RRReis,31420,False,False,0,114366429,HVL,Hoevelaken,2024-01-02T10:09:00+01:00,0.0,False,2024-01-02T10:10:00+01:00,0.0,False,False,1,1
12696788,2024-01-02,Stoptrein,RRReis,31420,False,False,0,114366430,AMF,Amersfoort Centraal,2024-01-02T10:16:00+01:00,0.0,False,,,,False,4b,4b
12696795,2024-01-02,Stoptrein,RRReis,31318,False,False,0,114366490,BNN,Barneveld Noord,2024-01-02T10:16:00+01:00,0.0,False,2024-01-02T10:17:00+01:00,0.0,False,False,1,1
12696795,2024-01-02,Stoptrein,RRReis,31318,False,False,0,114366491,HVL,Hoevelaken,2024-01-02T10:24:00+01:00,0.0,False,2024-01-02T10:25:00+01:00,0.0,False,False,1,1
12696795,2024-01-02,Stoptrein,RRReis,31318,False,False,0,114366492,AMF,Amersfoort Centraal,2024-01-02T10:31:00+01:00,0.0,False,,,,False,4b,4b
12696817,2024-01-02,Intercity,NS,1530,False,False,0,114366730,AMF,Amersfoort Centraal,,,,2024-01-02T09:56:00+01:00,0.0,False,False,5a,5a
12696949,2024-01-02,Stoptrein,RRReis,31422,False,False,0,114368067,BNN,Barneveld Noord,2024-01-02T10:32:00+01:00,0.0,False,2024-01-02T10:33:00+01:00,0.0,False,False,1,1
12696949,2024-01-02,Stoptrein,RRReis,31422,False,False,0,114368068,HVL,Hoevelaken,2024-01-02T10:39:00+01:00,0.0,False,2024-01-02T10:40:00+01:00,0.0,False,False,1,1
12696949,2024-01-02,Stoptrein,RRReis,31422,False,False,0,114368069,AMF,Amersfoort Centraal,2024-01-02T10:46:00+01:00,0.0,False,,,,False,4b,4b
12696960,2024-01-02,Stoptrein,RRReis,31320,False,False,0,114368167,BNN,Barneveld Noord,2024-01-02T10:46:00+01:00,1.0,False,2024-01-02T10:47:00+01:00,1.0,False,False,1,1
12696960,2024-01-02,Stoptrein,RRReis,31320,False,False,0,114368168,HVL,Hoevelaken,2024-01-02T10:54:00+01:00,0.0,False,2024-01-02T10:55:00+01:00,0.0,False,False,1,1
12696960,2024-01-02,Stoptrein,RRReis,31320,False,False,0,114368169,AMF,Amersfoort Centraal,2024-01-02T11:01:00+01:00,0.0,False,,,,False,4b,4b
12696980,2024-01-02,Intercity,NS,1532,False,False,0,114368383,AMF,Amersfoort Centraal,,,,2024-01-02T10:26:00+01:00,0.0,False,False,5a,5a
12697111,2024-01-02,Stoptrein,RRReis,31424,False,False,0,114369678,BNN,Barneveld Noord,2024-01-02T11:02:00+01:00,0.0,False,2024-01-02T11:03:00+01:00,0.0,False,False,1,1
12697111,2024-01-02,Stoptrein,RRReis,31424,False,False,0,114369679,HVL,Hoevelaken,2024-01-02T11:09:00+01:00,0.0,False,2024-01-02T11:10:00+01:00,1.0,False,False,1,1
12697111,2024-01-02,Stoptrein,RRReis,31424,False,False,0,114369680,AMF,Amersfoort Centraal,2024-01-02T11:16:00+01:00,0.0,False,,,,False,4b,4b
12918222,2024-02-07,Intercity,NS Int,242,False,False,0,116470413,BH,Bad Bentheim,2024-02-07T07:48:00+01:00,8.0,False,2024-02-07T07:51:00+01:00,9.0,False,False,,
12918222,2024-02-07,Intercity,NS Int,242,False,False,0,116470414,HGL,Hengelo,2024-02-07T08:07:00+01:00,15.0,False,2024-02-07T08:09:00+01:00,14.0,False,False,2,2
12918222,2024-02-07,Intercity,NS Int,242,False,False,0,116470415,DV,Deventer,2024-02-07T08:41:00+01:00,16.0,False,2024-02-07T08:45:00+01:00,13.0,False,False,3,3
12918222,2024-02-07,Intercity,NS Int,242,False,False,0,116470416,APD,Apeldoorn,2024-02-07T08:57:00+01:00,14.0,False,2024-02-07T08:59:00+01:00,14.0,False,False,1,1
12918222,2024-02-07,Intercity,NS Int,242,False,False,0,116470417,AMF,Amersfoort Centraal,2024-02-07T09:24:00+01:00,13.0,False,2024-02-07T09:26:00+01:00,13.0,False,False,7,7
12918319,2024-02-07,Stoptrein,Eurobahn,20354,False,False,0,116471398,BH,Bad Bentheim,2024-02-07T08:03:00+01:00,11.0,False,2024-02-07T08:08:00+01:00,9.0,False,False,,
12918319,2024-02-07,Stoptrein,Eurobahn,20354,False,False,0,116471399,ODZ,Oldenzaal,2024-02-07T08:17:00+01:00,9.0,False,2024-02-07T08:18:00+01:00,9.0,False,False,1a,1a
12918319,2024-02-07,Stoptrein,Eurobahn,20354,False,False,0,116471400,HGL,Hengelo,2024-02-07T08:26:00+01:00,8.0,False,,,,False,11,11
12918426,2024-02-07,Intercity,NS,3620,False,False,0,116472469,DV,Deventer,2024-02-07T08:45:00+01:00,0.0,False,2024-02-07T08:46:00+01:00,1.0,False,False,4,4
12918617,2024-02-07,Intercity,NS,3622,False,False,0,116474342,DV,Deventer,2024-02-07T09:15:00+01:00,0.0,False,2024-02-07T09:16:00+01:00,0.0,False,False,4,4
12918705,2024-02-07,Stoptrein,Eurobahn,20358,False,False,0,116475225,BH,Bad Bentheim,2024-02-07T09:03:00+01:00,2.0,False,2024-02-07T09:08:00+01:00,0.0,False,False,,
12918705,2024-02-07,Stoptrein,Eurobahn,20358,False,False,0,116475226,ODZ,Oldenzaal,2024-02-07T09:17:00+01:00,1.0,False,2024-02-07T09:18:00+01:00,0.0,False,False,1a,1a
12918705,2024-02-07,Stoptrein,Eurobahn,20358,False,False,0,116475227,HGL,Hengelo,2024-02-07T09:26:00+01:00,0.0,False,,,,False,11,11
12918805,2024-02-07,Intercity,NS,3624,False,False,0,116476268,DV,Deventer,2024-02-07T09:45:00+01:00,4.0,False,2024-02-07T09:46:00+01:00,5.0,False,False,4,4
12918952,2024-02-07,Sprinter,NS,7028,False,False,0,116477683,HGL,Hengelo,2024-02-07T08:01:00+01:00,0.0,False,2024-02-07T08:02:00+01:00,0.0,False,False,2a,2a
12918952,2024-02-07,Sprinter,NS,7028,False,False,0,116477684,BN,Borne,2024-02-07T08:07:00+01:00,0.0,False,2024-02-07T08:07:00+01:00,0.0,False,False,2,2
12918952,2024-02-07,Sprinter,NS,7028,False,False,0,116477685,AMRI,Almelo de Riet,2024-02-07T08:12:00+01:00,0.0,False,2024-02-07T08:12:00+01:00,0.0,False,False,1,1
12918952,2024-02-07,Sprinter,NS,7028,False,False,0,116477686,AML,Almelo,2024-02-07T08:15:00+01:00,0.0,False,2024-02-07T08:23:00+01:00,0.0,False,False,4b,4b
12918952,2024-02-07,Sprinter,NS,7028,False,False,0,116477687,WDN,Wierden,2024-02-07T08:28:00+01:00,0.0,False,2024-02-07T08:28:00+01:00,0.0,False,False,2,2
12918952,2024-02-07,Sprinter,NS,7028,False,False,0,116477688,RSN,Rijssen,2024-02-07T08:33:00+01:00,0.0,False,2024-02-07T08:33:00+01:00,0.0,False,False,3,3
12918952,2024-02-07,Sprinter,NS,7028,False,False,0,116477689,HON,Holten,2024-02-07T08:39:00+01:00,0.0,False,2024-02-07T08:39:00+01:00,0.0,False,False,2,2
12918952,2024-02-07,Sprinter,NS,7028,False,False,0,116477690,DVC,Deventer Colmschate,2024-02-07T08:49:00+01:00,0.0,False,2024-02-07T08:49:00+01:00,0.0,False,False,1,1
12918952,2024-02-07,Sprinter,NS,7028,False,False,0,116477691,DV,Deventer,2024-02-07T08:54:00+01:00,0.0,False,2024-02-07T08:55:00+01:00,0.0,False,False,4,4
12918952,2024-02-07,Sprinter,NS,7028,False,False,0,116477692,TWL,Twello,2024-02-07T09:00:00+01:00,0.0,False,2024-02-07T09:00:00+01:00,0.0,False,False,2,2
12918952,2024-02-07,Sprinter,NS,7028,False,False,0,116477693,APDO,Apeldoorn Osseveld,2024-02-07T09:06:00+01:00,0.0,False,2024-02-07T09:06:00+01:00,0.0,False,False,2,2
12918952,2024-02-07,Sprinter,NS,7028,False,False,0,116477694,APD,Apeldoorn,2024-02-07T09:10:00+01:00,0.0,False,,,,False,2,2
12918987,2024-02-07,Intercity,NS,3626,False,False,0,116478088,DV,Deventer,2024-02-07T10:15:00+01:00,2.0,False,2024-02-07T10:16:00+01:00,3.0,False,False,4,4
12919015,2024-02-07,Stoptrein,Blauwnet,31228,False,False,1,116478358,ODZ,Oldenzaal,,,,2024-02-07T08:03:00+01:00,1.0,False,False,1b,1b
12919015,2024-02-07,Stoptrein,Blauwnet,31228,False,False,0,116478359,HGLO,Hengelo Oost,2024-02-07T08:09:00+01:00,1.0,False,2024-02-07T08:09:00+01:00,1.0,False,False,1,1
12919015,2024-02-07,Stoptrein,Blauwnet,31228,False,False,0,116478360,HGL,Hengelo,2024-02-07T08:13:00+01:00,1.0,False,2024-02-07T08:16:00+01:00,0.0,False,False,2a,2a
12919022,2024-02-07,Sprinter,Blauwnet,7928,False,False,0,116478433,HGL,Hengelo,2024-02-07T08:13:00+01:00,0.0,False,2024-02-07T08:17:00+01:00,0.0,False,False,2b,2b
12919022,2024-02-07,Sprinter,Blauwnet,7928,False,False,0,116478434,BN,Borne,2024-02-07T08:22:00+01:00,0.0,False,2024-02-07T08:22:00+01:00,0.0,False,False,2,2
12919022,2024-02-07,Sprinter,Blauwnet,7928,False,False,0,116478435,AMRI,Almelo de Riet,2024-02-07T08:27:00+01:00,1.0,False,2024-02-07T08:27:00+01:00,1.0,False,False,1,1
12919022,2024-02-07,Sprinter,Blauwnet,7928,False,False,0,116478436,AML,Almelo,2024-02-07T08:30:00+01:00,1.0,False,2024-02-07T08:31:00+01:00,1.0,False,False,4b,4b
12919022,2024-02-07,Sprinter,Blauwnet,7928,False,False,0,116478437,WDN,Wierden,2024-02-07T08:36:00+01:00,1.0,False,2024-02-07T08:36:00+01:00,1.0,False,False,3,3
12919141,2024-02-07,Sprinter,NS,7030,False,False,0,116479609,HGL,Hengelo,2024-02-07T08:31:00+01:00,0.0,False,2024-02-07T08:32:00+01:00,2.0,False,False,2a,2a
12919141,2024-02-07,Sprinter,NS,7030,False,False,0,116479610,BN,Borne,2024-02-07T08:37:00+01:00,2.0,False,2024-02-07T08:37:00+01:00,2.0,False,False,2,2
12919141,2024-02-07,Sprinter,NS,7030,False,False,0,116479611,AMRI,Almelo de Riet,2024-02-07T08:42:00+01:00,2.0,False,2024-02-07T08:42:00+01:00,2.0,False,False,1,1
12919141,2024-02-07,Sprinter,NS,7030,False,False,0,116479612,AML,Almelo,2024-02-07T08:45:00+01:00,1.0,False,2024-02-07T08:53:00+01:00,0.0,False,False,4b,4b
12919141,2024-02-07,Sprinter,NS,7030,False,False,0,116479613,WDN,Wierden,2024-02-07T08:58:00+01:00,0.0,False,2024-02-07T08:58:00+01:00,0.0,False,False,2,2
12919141,2024-02-07,Sprinter,NS,7030,False,False,0,116479614,RSN,Rijssen,2024-02-07T09:03:00+01:00,1.0,False,2024-02-07T09:03:00+01:00,1.0,False,False,3,3
12919141,2024-02-07,Sprinter,NS,7030,False,False,0,116479615,HON,Holten,2024-02-07T09:09:00+01:00,0.0,False,2024-02-07T09:09:00+01:00,0.0,False,False,2,2
12919141,2024-02-07,Sprinter,NS,7030,False,False,0,116479616,DVC,Deventer Colmschate,2024-02-07T09:19:00+01:00,0.0,False,2024-02-07T09:19:00+01:00,0.0,False,False,1,1
12919141,2024-02-07,Sprinter,NS,7030,False,False,0,116479617,DV,Deventer,2024-02-07T09:24:00+01:00,0.0,False,2024-02-07T09:25:00+01:00,0.0,False,False,4,4
12919141,2024-02-07,Sprinter,NS,7030,False,False,0,116479618,TWL,Twello,2024-02-07T09:30:00+01:00,0.0,False,2024-02-07T09:30:00+01:00,0.0,False,False,2,2
12919141,2024-02-07,Sprinter,NS,7030,False,False,0,116479619,APDO,Apeldoorn Osseveld,2024-02-07T09:36:00+01:00,0.0,False,2024-02-07T09:36:00+01:00,0.0,False,False,2,2
12919141,2024-02-07,Sprinter,NS,7030,False,False,0,116479620,APD,Apeldoorn,2024-02-07T09:40:00+01:00,0.0,False,,,,False,2,2
12919185,2024-02-07,Intercity,Blauwnet,17930,False,False,0,116480093,HGL,Hengelo,2024-02-07T08:38:00+01:00,5.0,False,2024-02-07T08:39:00+01:00,5.0,False,False,2a,2a
12919185,2024-02-07,Intercity,Blauwnet,17930,False,False,0,116480094,AML,Almelo,2024-02-07T08:49:00+01:00,6.0,False,2024-02-07T08:50:00+01:00,6.0,False,False,4a,4a
12919211,2024-02-07,Sprinter,Blauwnet,7930,False,False,0,116480334,HGL,Hengelo,2024-02-07T08:43:00+01:00,2.0,False,2024-02-07T08:47:00+01:00,1.0,False,False,2b,2b
12919211,2024-02-07,Sprinter,Blauwnet,7930,False,False,0,116480335,BN,Borne,2024-02-07T08:52:00+01:00,0.0,False,2024-02-07T08:52:00+01:00,0.0,False,False,2,2
12919211,2024-02-07,Sprinter,Blauwnet,7930,False,False,0,116480336,AMRI,Almelo de Riet,2024-02-07T08:57:00+01:00,0.0,False,2024-02-07T08:57:00+01:00,0.0,False,False,1,1
12919211,2024-02-07,Sprinter,Blauwnet,7930,False,False,0,116480337,AML,Almelo,2024-02-07T09:00:00+01:00,0.0,False,2024-02-07T09:01:00+01:00,0.0,False,False,4b,4b
12919211,2024-02-07,Sprinter,Blauwnet,7930,False,False,0,116480338,WDN,Wierden,2024-02-07T09:05:00+01:00,0.0,False,2024-02-07T09:07:00+01:00,5.0,False,False,3,3
12919269,2024-02-07,Intercity,NS,1730,False,False,0,116480943,HGL,Hengelo,2024-02-07T08:53:00+01:00,0.0,False,2024-02-07T08:54:00+01:00,0.0,False,False,2,2
12919269,2024-02-07,Intercity,NS,1730,False,False,0,116480944,AML,Almelo,2024-02-07T09:05:00+01:00,0.0,False,2024-02-07T09:06:00+01:00,0.0,False,False,4,4
12919269,2024-02-07,Intercity,NS,1730,False,False,0,116480945,DV,Deventer,2024-02-07T09:30:00+01:00,0.0,False,2024-02-07T09:33:00+01:00,0.0,False,False,4,4
12919269,2024-02-07,Intercity,NS,1730,False,False,0,116480946,APD,Apeldoorn,2024-02-07T09:43:00+01:00,0.0,False,2024-02-07T09:44:00+01:00,0.0,False,False,1,1
12919269,2024-02-07,Intercity,NS,1730,False,False,0,116480947,AMF,Amersfoort Centraal,2024-02-07T10:08:00+01:00,0.0,False,2024-02-07T10:10:00+01:00,0.0,False,False,6,6
12919310,2024-02-07,Sprinter,NS,7032,False,False,0,116481307,HGL,Hengelo,2024-02-07T09:01:00+01:00,0.0,False,2024-02-07T09:02:00+01:00,0.0,False,False,2a,2a
12919310,2024-02-07,Sprinter,NS,7032,False,False,0,116481308,BN,Borne,2024-02-07T09:07:00+01:00,0.0,False,2024-02-07T09:07:00+01:00,0.0,False,False,2,2
12919310,2024-02-07,Sprinter,NS,7032,False,False,0,116481309,AMRI,Almelo de Riet,2024-02-07T09:12:00+01:00,0.0,False,2024-02-07T09:12:00+01:00,0.0,False,False,1,1
12919310,2024-02-07,Sprinter,NS,7032,False,False,0,116481310,AML,Almelo,2024-02-07T09:15:00+01:00,0.0,False,2024-02-07T09:23:00+01:00,0.0,False,False,4b,4b
12919310,2024-02-07,Sprinter,NS,7032,False,False,0,116481311,WDN,Wierden,2024-02-07T09:28:00+01:00,0.0,False,2024-02-07T09:28:00+01:00,0.0,False,False,2,2
12919310,2024-02-07,Sprinter,NS,7032,False,False,0,116481312,RSN,Rijssen,2024-02-07T09:33:00+01:00,1.0,False,2024-02-07T09:33:00+01:00,1.0,False,False,3,3
12919310,2024-02-07,Sprinter,NS,7032,False,False,0,116481313,HON,Holten,2024-02-07T09:39:00+01:00,0.0,False,2024-02-07T09:39:00+01:00,0.0,False,False,2,2
12919310,2024-02-07,Sprinter,NS,7032,False,False,0,116481314,DVC,Deventer Colmschate,2024-02-07T09:49:00+01:00,0.0,False,2024-02-07T09:49:00+01:00,0.0,False,False,1,1
12919310,2024-02-07,Sprinter,NS,7032,False,False,0,116481315,DV,Deventer,2024-02-07T09:54:00+01:00,0.0,False,2024-02-07T09:55:00+01:00,0.0,False,False,4,4
12919310,2024-02-07,Sprinter,NS,7032,False,False,0,116481316,TWL,Twello,2024-02-07T10:00:00+01:00,0.0,False,2024-02-07T10:00:00+01:00,0.0,False,False,2,2
12919310,2024-02-07,Sprinter,NS,7032,False,False,0,116481317,APDO,Apeldoorn Osseveld,2024-02-07T10:06:00+01:00,0.0,False,2024-02-07T10:06:00+01:00,0.0,False,False,2,2
12919310,2024-02-07,Sprinter,NS,7032,False,False,0,116481318,APD,Apeldoorn,2024-02-07T10:10:00+01:00,0.0,False,,,,False,2,2
12919314,2024-02-07,Sprinter,RRReis,31314,False,False,0,116481352,BNN,Barneveld Noord,2024-02-07T09:16:00+01:00,1.0,False,2024-02-07T09:17:00+01:00,1.0,False,False,1,1
12919314,2024-02-07,Sprinter,RRReis,31314,False,False,0,116481353,HVL,Hoevelaken,2024-02-07T09:24:00+01:00,0.0,False,2024-02-07T09:25:00+01:00,0.0,False,False,1,1
12919314,2024-02-07,Sprinter,RRReis,31314,False,False,0,116481354,AMF,Amersfoort Centraal,2024-02-07T09:31:00+01:00,0.0,False,,,,False,4b,4b
12919367,2024-02-07,Stoptrein,Blauwnet,31232,False,False,2,116481907,ODZ,Oldenzaal,,,,2024-02-07T09:03:00+01:00,0.0,False,False,1a,1a
12919367,2024-02-07,Stoptrein,Blauwnet,31232,False,False,0,116481908,HGLO,Hengelo Oost,2024-02-07T09:09:00+01:00,0.0,False,2024-02-07T09:09:00+01:00,0.0,False,False,1,1
12919367,2024-02-07,Stoptrein,Blauwnet,31232,False,False,0,116481909,HGL,Hengelo,2024-02-07T09:13:00+01:00,0.0,False,2024-02-07T09:16:00+01:00,1.0,False,False,2a,2a
12919378,2024-02-07,Sprinter,Blauwnet,7932,False,False,0,116482035,HGL,Hengelo,2024-02-07T09:13:00+01:00,0.0,False,2024-02-07T09:17:00+01:00,0.0,False,False,2b,2b
12919378,2024-02-07,Sprinter,Blauwnet,7932,False,False,0,116482036,BN,Borne,2024-02-07T09:22:00+01:00,0.0,False,2024-02-07T09:22:00+01:00,0.0,False,False,2,2
12919378,2024-02-07,Sprinter,Blauwnet,7932,False,False,0,116482037,AMRI,Almelo de Riet,2024-02-07T09:27:00+01:00,0.0,False,2024-02-07T09:27:00+01:00,0.0,False,False,1,1
12919378,2024-02-07,Sprinter,Blauwnet,7932,False,False,0,116482038,AML,Almelo,2024-02-07T09:30:00+01:00,0.0,False,2024-02-07T09:31:00+01:00,0.0,False,False,4b,4b
12919378,2024-02-07,Sprinter,Blauwnet,7932,False,False,0,116482039,WDN,Wierden,2024-02-07T09:36:00+01:00,0.0,False,2024-02-07T09:36:00+01:00,0.0,False,False,3,3
12919462,2024-02-07,Intercity,NS,1530,False,False,3,116482854,DV,Deventer,,,,2024-02-07T09:20:00+01:00,0.0,False,False,3,3
12919462,2024-02-07,Intercity,NS,1530,False,False,0,116482855,APD,Apeldoorn,2024-02-07T09:30:00+01:00,1.0,False,2024-02-07T09:31:00+01:00,1.0,False,False,1,1
12919462,2024-02-07,Intercity,NS,1530,False,False,0,116482856,AMF,Amersfoort Centraal,2024-02-07T09:55:00+01:00,2.0,False,2024-02-07T09:56:00+01:00,3.0,False,False,7,7
12919481,2024-02-07,Sprinter,RRReis,31418,False,False,0,116483054,BNN,Barneveld Noord,2024-02-07T09:32:00+01:00,0.0,False,2024-02-07T09:33:00+01:00,0.0,False,False,1,1
12919481,2024-02-07,Sprinter,RRReis,31418,False,False,0,116483055,HVL,Hoevelaken,2024-02-07T09:39:00+01:00,0.0,False,2024-02-07T09:40:00+01:00,0.0,False,False,1,1
12919481,2024-02-07,Sprinter,RRReis,31418,False,False,0,116483056,AMF,Amersfoort Centraal,2024-02-07T09:46:00+01:00,0.0,False,,,,False,4b,4b
12919482,2024-02-07,Sprinter,NS,7034,False,False,0,116483059,HGL,Hengelo,2024-02-07T09:31:00+01:00,0.0,False,2024-02-07T09:32:00+01:00,0.0,False,False,2a,2a
12919482,2024-02-07,Sprinter,NS,7034,False,False,0,116483060,BN,Borne,2024-02-07T09:37:00+01:00,0.0,False,2024-02-07T09:37:00+01:00,0.0,False,False,2,2
12919482,2024-02-07,Sprinter,NS,7034,False,False,0,116483061,AMRI,Almelo de Riet,2024-02-07T09:42:00+01:00,0.0,False,2024-02-07T09:42:00+01:00,0.0,False,False,1,1
12919482,2024-02-07,Sprinter,NS,7034,False,False,0,116483062,AML,Almelo,2024-02-07T09:45:00+01:00,0.0,False,2024-02-07T09:53:00+01:00,0.0,False,False,4b,4b
12919482,2024-02-07,Sprinter,NS,7034,False,False,0,116483063,WDN,Wierden,2024-02-07T09:58:00+01:00,0.0,False,2024-02-07T09:58:00+01:00,0.0,False,False,2,2
12919482,2024-02-07,Sprinter,NS,7034,False,False,0,116483064,RSN,Rijssen,2024-02-07T10:03:00+01:00,1.0,False,2024-02-07T10:03:00+01:00,1.0,False,False,3,3
12919482,2024-02-07,Sprinter,NS,7034,False,False,0,116483065,HON,Holten,2024-02-07T10:09:00+01:00,0.0,False,2024-02-07T10:09:00+01:00,0.0,False,False,2,2
12919482,2024-02-07,Sprinter,NS,7034,False,False,0,116483066,DVC,Deventer Colmschate,2024-02-07T10:19:00+01:00,0.0,False,2024-02-07T10:19:00+01:00,0.0,False,False,1,1
12919482,2024-02-07,Sprinter,NS,7034,False,False,0,116483067,DV,Deventer,2024-02-07T10:24:00+01:00,0.0,False,2024-02-07T10:25:00+01:00,0.0,False,False,4,4
12919482,2024-02-07,Sprinter,NS,7034,False,False,0,116483068,TWL,Twello,2024-02-07T10:30:00+01:00,0.0,False,2024-02-07T10:30:00+01:00,0.0,False,False,2,2
12919482,2024-02-07,Sprinter,NS,7034,False,False,0,116483069,APDO,Apeldoorn Osseveld,2024-02-07T10:36:00+01:00,0.0,False,2024-02-07T10:36:00+01:00,0.0,False,False,2,2
12919482,2024-02-07,Sprinter,NS,7034,False,False,0,116483070,APD,Apeldoorn,2024-02-07T10:40:00+01:00,0.0,False,,,,False,2,2
12919487,2024-02-07,Sprinter,RRReis,31316,False,False,0,116483113,BNN,Barneveld Noord,2024-02-07T09:46:00+01:00,0.0,False,2024-02-07T09:47:00+01:00,1.0,False,False,1,1
12919487,2024-02-07,Sprinter,RRReis,31316,False,False,0,116483114,HVL,Hoevelaken,2024-02-07T09:54:00+01:00,0.0,False,2024-02-07T09:55:00+01:00,0.0,False,False,1,1
12919487,2024-02-07,Sprinter,RRReis,31316,False,False,0,116483115,AMF,Amersfoort Centraal,2024-02-07T10:01:00+01:00,0.0,False,,,,False,4b,4b
12919529,2024-02-07,Intercity,Blauwnet,17934,False,False,0,116483568,HGL,Hengelo,2024-02-07T09:38:00+01:00,0.0,False,2024-02-07T09:39:00+01:00,0.0,False,False,2a,2a
12919529,2024-02-07,Intercity,Blauwnet,17934,False,False,0,116483569,AML,Almelo,2024-02-07T09:49:00+01:00,0.0,False,2024-02-07T09:50:00+01:00,0.0,False,False,4a,4a
12919538,2024-02-07,Stoptrein,Blauwnet,31234,False,False,1,116483633,ODZ,Oldenzaal,,,,2024-02-07T09:33:00+01:00,0.0,False,False,1a,1a
12919538,2024-02-07,Stoptrein,Blauwnet,31234,False,False,0,116483634,HGLO,Hengelo Oost,2024-02-07T09:39:00+01:00,0.0,False,2024-02-07T09:39:00+01:00,0.0,False,False,1,1
12919538,2024-02-07,Stoptrein,Blauwnet,31234,False,False,0,116483635,HGL,Hengelo,2024-02-07T09:43:00+01:00,0.0,False,2024-02-07T09:46:00+01:00,0.0,False,False,2a,2a
12919551,2024-02-07,Sprinter,Blauwnet,7934,False,False,0,116483771,HGL,Hengelo,2024-02-07T09:43:00+01:00,2.0,False,2024-02-07T09:47:00+01:00,0.0,False,False,2b,2b
12919551,2024-02-07,Sprinter,Blauwnet,7934,False,False,0,116483772,BN,Borne,2024-02-07T09:52:00+01:00,0.0,False,2024-02-07T09:52:00+01:00,0.0,False,False,2,2
12919551,2024-02-07,Sprinter,Blauwnet,7934,False,False,0,116483773,AMRI,Almelo de Riet,2024-02-07T09:57:00+01:00,0.0,False,2024-02-07T09:57:00+01:00,0.0,False,False,1,1
12919551,2024-02-07,Sprinter,Blauwnet,7934,False,False,0,116483774,AML,Almelo,2024-02-07T10:00:00+01:00,0.0,False,2024-02-07T10:01:00+01:00,0.0,False,False,4b,4b
12919551,2024-02-07,Sprinter,Blauwnet,7934,False,False,0,116483775,WDN,Wierden,2024-02-07T10:05:00+01:00,0.0,False,2024-02-07T10:07:00+01:00,1.0,False,False,3,3
12919602,2024-02-07,Intercity,NS,1734,False,False,0,116484301,HGL,Hengelo,2024-02-07T09:52:00+01:00,0.0,False,2024-02-07T09:54:00+01:00,0.0,False,False,2,2
12919602,2024-02-07,Intercity,NS,1734,False,False,0,116484302,AML,Almelo,2024-02-07T10:05:00+01:00,0.0,False,2024-02-07T10:06:00+01:00,0.0,False,False,4,4
12919602,2024-02-07,Intercity,NS,1734,False,False,0,116484303,DV,Deventer,2024-02-07T10:30:00+01:00,0.0,False,2024-02-07T10:33:00+01:00,0.0,False,False,4,4
12919602,2024-02-07,Intercity,NS,1734,False,False,0,116484304,APD,Apeldoorn,2024-02-07T10:43:00+01:00,1.0,False,2024-02-07T10:44:00+01:00,1.0,False,False,1,1
12919602,2024-02-07,Intercity,NS,1734,False,False,0,116484305,AMF,Amersfoort Centraal,2024-02-07T11:08:00+01:00,0.0,False,2024-02-07T11:10:00+01:00,0.0,False,False,6,6
12919617,2024-02-07,Intercity,NS,1532,False,False,1,116484453,DV,Deventer,,,,2024-02-07T09:49:00+01:00,0.0,False,False,1,1
12919617,2024-02-07,Intercity,NS,1532,False,False,0,116484454,APD,Apeldoorn,2024-02-07T10:00:00+01:00,1.0,False,2024-02-07T10:00:00+01:00,1.0,False,False,1,1
12919617,2024-02-07,Intercity,NS,1532,False,False,0,116484455,AMF,Amersfoort Centraal,2024-02-07T10:24:00+01:00,0.0,False,2024-02-07T10:26:00+01:00,0.0,False,False,7,7
12919638,2024-02-07,Sprinter,RRReis,31420,False,False,0,116484639,BNN,Barneveld Noord,2024-02-07T10:02:00+01:00,0.0,False,2024-02-07T10:03:00+01:00,1.0,False,False,1,1
12919638,2024-02-07,Sprinter,RRReis,31420,False,False,0,116484640,HVL,Hoevelaken,2024-02-07T10:09:00+01:00,0.0,False,2024-02-07T10:10:00+01:00,1.0,False,False,1,1
12919638,2024-02-07,Sprinter,RRReis,31420,False,False,0,116484641,AMF,Amersfoort Centraal,2024-02-07T10:16:00+01:00,0.0,False,,,,False,4b,4b
12919646,2024-02-07,Sprinter,RRReis,31318,False,False,0,116484711,BNN,Barneveld Noord,2024-02-07T10:16:00+01:00,1.0,False,2024-02-07T10:17:00+01:00,1.0,False,False,1,1
12919646,2024-02-07,Sprinter,RRReis,31318,False,False,0,116484712,HVL,Hoevelaken,2024-02-07T10:24:00+01:00,0.0,False,2024-02-07T10:25:00+01:00,0.0,False,False,1,1
12919646,2024-02-07,Sprinter,RRReis,31318,False,False,0,116484713,AMF,Amersfoort Centraal,2024-02-07T10:31:00+01:00,0.0,False,,,,False,4b,4b
12919803,2024-02-07,Sprinter,RRReis,31422,False,False,0,116486355,BNN,Barneveld Noord,2024-02-07T10:32:00+01:00,0.0,False,2024-02-07T10:33:00+01:00,0.0,False,False,1,1
12919803,2024-02-07,Sprinter,RRReis,31422,False,False,0,116486356,HVL,Hoevelaken,2024-02-07T10:39:00+01:00,0.0,False,2024-02-07T10:40:00+01:00,1.0,False,False,1,1
12919803,2024-02-07,Sprinter,RRReis,31422,False,False,0,116486357,AMF,Amersfoort Centraal,2024-02-07T10:46:00+01:00,0.0,False,,,,False,4b,4b
12919812,2024-02-07,Sprinter,RRReis,31320,False,False,0,116486441,BNN,Barneveld Noord,2024-02-07T10:46:00+01:00,0.0,False,2024-02-07T10:47:00+01:00,0.0,False,False,1,1
12919812,2024-02-07,Sprinter,RRReis,31320,False,False,0,116486442,HVL,Hoevelaken,2024-02-07T10:54:00+01:00,0.0,False,2024-02-07T10:55:00+01:00,0.0,False,False,1,1
12919812,2024-02-07,Sprinter,RRReis,31320,False,False,0,116486443,AMF,Amersfoort Centraal,2024-02-07T11:01:00+01:00,0.0,False,,,,False,4b,4b
12919963,2024-02-07,Sprinter,RRReis,31424,False,False,0,116487978,BNN,Barneveld Noord,2024-02-07T11:02:00+01:00,0.0,False,2024-02-07T11:03:00+01:00,0.0,False,False,1,1
12919963,2024-02-07,Sprinter,RRReis,31424,False,False,0,116487979,HVL,Hoevelaken,2024-02-07T11:09:00+01:00,0.0,False,2024-02-07T11:10:00+01:00,0.0,False,False,1,1
12919963,2024-02-07,Sprinter,RRReis,31424,False,False,0,116487980,AMF,Amersfoort Centraal,2024-02-07T11:16:00+01:00,0.0,False,,,,False,4b,4b
12989960,2024-02-18,Intercity,NS Int,242,False,False,0,117134734,BH,Bad Bentheim,2024-02-18T07:48:00+01:00,9.0,False,2024-02-18T07:51:00+01:00,9.0,False,False,,
12989960,2024-02-18,Intercity,NS Int,242,False,False,0,117134735,HGL,Hengelo,2024-02-18T08:07:00+01:00,14.0,False,2024-02-18T08:09:00+01:00,13.0,False,False,2,2
12989960,2024-02-18,Intercity,NS Int,242,False,False,0,117134736,DV,Deventer,2024-02-18T08:41:00+01:00,16.0,False,2024-02-18T08:45:00+01:00,13.0,False,False,4,4
12989960,2024-02-18,Intercity,NS Int,242,False,False,0,117134737,APD,Apeldoorn,2024-02-18T08:57:00+01:00,13.0,False,2024-02-18T08:59:00+01:00,12.0,False,False,1,1
12989960,2024-02-18,Intercity,NS Int,242,False,False,0,117134738,AMF,Amersfoort Centraal,2024-02-18T09:24:00+01:00,12.0,False,2024-02-18T09:26:00+01:00,11.0,False,False,7,7
12989970,2024-02-18,Stoptrein,Eurobahn,20354,False,False,0,117134827,BH,Bad Bentheim,2024-02-18T08:03:00+01:00,1.0,False,2024-02-18T08:08:00+01:00,0.0,False,False,,
12989970,2024-02-18,Stoptrein,Eurobahn,20354,False,False,0,117134828,ODZ,Oldenzaal,2024-02-18T08:17:00+01:00,0.0,False,2024-02-18T08:18:00+01:00,0.0,False,False,1a,1a
12989970,2024-02-18,Stoptrein,Eurobahn,20354,False,False,0,117134829,HGL,Hengelo,2024-02-18T08:26:00+01:00,0.0,False,,,,False,11,11
12990013,2024-02-18,Intercity,NS,3622,False,False,0,117135317,DV,Deventer,2024-02-18T09:14:00+01:00,0.0,False,,,,False,3,3
12990068,2024-02-18,Stoptrein,Eurobahn,20358,False,False,0,117135840,BH,Bad Bentheim,2024-02-18T09:03:00+01:00,1.0,False,2024-02-18T09:08:00+01:00,0.0,False,False,,
12990068,2024-02-18,Stoptrein,Eurobahn,20358,False,False,0,117135841,ODZ,Oldenzaal,2024-02-18T09:17:00+01:00,0.0,False,2024-02-18T09:18:00+01:00,0.0,False,False,1a,1a
12990068,2024-02-18,Stoptrein,Eurobahn,20358,False,False,0,117135842,HGL,Hengelo,2024-02-18T09:26:00+01:00,0.0,False,,,,False,11,11
12990132,2024-02-18,Intercity,NS,3624,False,False,0,117136459,DV,Deventer,2024-02-18T09:44:00+01:00,2.0,False,,,,False,3,3
12990253,2024-02-18,Intercity,NS,3620,False,False,0,117137512,DV,Deventer,2024-02-18T08:45:00+01:00,1.0,False,,,,False,3,3
12990265,2024-02-18,Intercity,NS,3626,False,False,0,117137623,DV,Deventer,2024-02-18T10:14:00+01:00,1.0,False,,,,False,3,3
12990299,2024-02-18,Sprinter,Blauwnet,7928,False,False,0,117137908,HGL,Hengelo,2024-02-18T08:13:00+01:00,0.0,False,2024-02-18T08:17:00+01:00,0.0,False,False,2b,2b
12990299,2024-02-18,Sprinter,Blauwnet,7928,False,False,0,117137909,BN,Borne,2024-02-18T08:22:00+01:00,0.0,False,2024-02-18T08:22:00+01:00,0.0,False,False,2,2
12990299,2024-02-18,Sprinter,Blauwnet,7928,False,False,0,117137910,AMRI,Almelo de Riet,2024-02-18T08:27:00+01:00,1.0,False,2024-02-18T08:27:00+01:00,1.0,False,False,1,1
12990299,2024-02-18,Sprinter,Blauwnet,7928,False,False,0,117137911,AML,Almelo,2024-02-18T08:30:00+01:00,0.0,False,2024-02-18T08:31:00+01:00,0.0,False,False,4b,4b
12990299,2024-02-18,Sprinter,Blauwnet,7928,False,False,0,117137912,WDN,Wierden,2024-02-18T08:36:00+01:00,1.0,False,2024-02-18T08:36:00+01:00,1.0,False,False,3,3
12990452,2024-02-18,Stoptrein,Blauwnet,31230,False,False,0,117139261,ODZ,Oldenzaal,,,,2024-02-18T08:33:00+01:00,0.0,False,False,1a,1a
12990452,2024-02-18,Stoptrein,Blauwnet,31230,False,False,0,117139262,HGLO,Hengelo Oost,2024-02-18T08:39:00+01:00,0.0,False,2024-02-18T08:39:00+01:00,0.0,False,False,1,1
12990452,2024-02-18,Stoptrein,Blauwnet,31230,False,False,0,117139263,HGL,Hengelo,2024-02-18T08:43:00+01:00,0.0,False,2024-02-18T08:46:00+01:00,0.0,False,False,2a,2a
12990465,2024-02-18,Sprinter,Blauwnet,7930,False,False,0,117139380,HGL,Hengelo,2024-02-18T08:43:00+01:00,0.0,False,2024-02-18T08:47:00+01:00,0.0,False,False,2b,2b
12990465,2024-02-18,Sprinter,Blauwnet,7930,False,False,0,117139381,BN,Borne,2024-02-18T08:52:00+01:00,0.0,False,2024-02-18T08:52:00+01:00,0.0,False,False,2,2
12990465,2024-02-18,Sprinter,Blauwnet,7930,False,False,0,117139382,AMRI,Almelo de Riet,2024-02-18T08:57:00+01:00,0.0,False,2024-02-18T08:57:00+01:00,0.0,False,False,1,1
12990465,2024-02-18,Sprinter,Blauwnet,7930,False,False,0,117139383,AML,Almelo,2024-02-18T09:00:00+01:00,0.0,False,2024-02-18T09:01:00+01:00,0.0,False,False,4b,4b
12990465,2024-02-18,Sprinter,Blauwnet,7930,False,False,0,117139384,WDN,Wierden,2024-02-18T09:05:00+01:00,0.0,False,2024-02-18T09:07:00+01:00,0.0,False,False,3,3
12990515,2024-02-18,Intercity,NS,1730,False,False,0,117139784,HGL,Hengelo,2024-02-18T08:53:00+01:00,0.0,False,2024-02-18T08:54:00+01:00,0.0,False,False,2,2
12990515,2024-02-18,Intercity,NS,1730,False,False,0,117139785,AML,Almelo,2024-02-18T09:05:00+01:00,0.0,False,2024-02-18T09:06:00+01:00,0.0,False,False,4,4
12990515,2024-02-18,Intercity,NS,1730,False,False,0,117139786,DV,Deventer,2024-02-18T09:30:00+01:00,0.0,False,2024-02-18T09:33:00+01:00,0.0,False,False,4,4
12990515,2024-02-18,Intercity,NS,1730,False,False,0,117139787,APD,Apeldoorn,2024-02-18T09:43:00+01:00,0.0,False,2024-02-18T09:44:00+01:00,0.0,False,False,1,1
12990515,2024-02-18,Intercity,NS,1730,False,False,0,117139788,AMF,Amersfoort Centraal,2024-02-18T10:08:00+01:00,0.0,False,2024-02-18T10:10:00+01:00,0.0,False,False,6,6
12990549,2024-02-18,Sprinter,RRReis,31314,False,False,0,117140103,BNN,Barneveld Noord,2024-02-18T09:16:00+01:00,0.0,False,2024-02-18T09:17:00+01:00,0.0,False,False,1,1
12990549,2024-02-18,Sprinter,RRReis,31314,False,False,0,117140104,HVL,Hoevelaken,2024-02-18T09:24:00+01:00,0.0,False,2024-02-18T09:25:00+01:00,0.0,False,False,1,1
12990549,2024-02-18,Sprinter,RRReis,31314,False,False,0,117140105,AMF,Amersfoort Centraal,2024-02-18T09:31:00+01:00,0.0,False,,,,True,4b,5b
12990550,2024-02-18,Sprinter,NS,7030,False,False,0,117140106,AML,Almelo,,,,2024-02-18T08:53:00+01:00,0.0,False,False,3,3
12990550,2024-02-18,Sprinter,NS,7030,False,False,0,117140107,WDN,Wierden,2024-02-18T08:58:00+01:00,0.0,False,2024-02-18T08:58:00+01:00,0.0,False,False,2,2
12990550,2024-02-18,Sprinter,NS,7030,False,False,0,117140108,RSN,Rijssen,2024-02-18T09:03:00+01:00,0.0,False,2024-02-18T09:03:00+01:00,0.0,False,False,3,3
12990550,2024-02-18,Sprinter,NS,7030,False,False,0,117140109,HON,Holten,2024-02-18T09:09:00+01:00,0.0,False,2024-02-18T09:09:00+01:00,0.0,False,False,2,2
12990550,2024-02-18,Sprinter,NS,7030,False,False,0,117140110,DVC,Deventer Colmschate,2024-02-18T09:19:00+01:00,0.0,False,2024-02-18T09:19:00+01:00,0.0,False,False,1,1
12990550,2024-02-18,Sprinter,NS,7030,False,False,0,117140111,DV,Deventer,2024-02-18T09:24:00+01:00,0.0,False,2024-02-18T09:25:00+01:00,0.0,False,False,4,4
12990550,2024-02-18,Sprinter,NS,7030,False,False,0,117140112,TWL,Twello,2024-02-18T09:30:00+01:00,0.0,False,2024-02-18T09:30:00+01:00,0.0,False,False,2,2
12990550,2024-02-18,Sprinter,NS,7030,False,False,0,117140113,APDO,Apeldoorn Osseveld,2024-02-18T09:36:00+01:00,0.0,False,2024-02-18T09:36:00+01:00,0.0,False,False,2,2
12990550,2024-02-18,Sprinter,NS,7030,False,False,0,117140114,APD,Apeldoorn,2024-02-18T09:40:00+01:00,0.0,False,,,,False,2,2
12990606,2024-02-18,Sprinter,Blauwnet,7932,False,False,0,117140625,HGL,Hengelo,2024-02-18T09:13:00+01:00,0.0,False,2024-02-18T09:17:00+01:00,0.0,False,False,2b,2b
12990606,2024-02-18,Sprinter,Blauwnet,7932,False,False,0,117140626,BN,Borne,2024-02-18T09:22:00+01:00,0.0,False,2024-02-18T09:22:00+01:00,0.0,False,False,2,2
12990606,2024-02-18,Sprinter,Blauwnet,7932,False,False,0,117140627,AMRI,Almelo de Riet,2024-02-18T09:27:00+01:00,2.0,False,2024-02-18T09:27:00+01:00,2.0,False,False,1,1
12990606,2024-02-18,Sprinter,Blauwnet,7932,False,False,0,117140628,AML,Almelo,2024-02-18T09:30:00+01:00,1.0,False,2024-02-18T09:31:00+01:00,1.0,False,False,4b,4b
12990606,2024-02-18,Sprinter,Blauwnet,7932,False,False,0,117140629,WDN,Wierden,2024-02-18T09:36:00+01:00,1.0,False,2024-02-18T09:36:00+01:00,1.0,False,False,3,3
12990709,2024-02-18,Sprinter,RRReis,31316,False,False,0,117141542,BNN,Barneveld Noord,2024-02-18T09:46:00+01:00,0.0,False,2024-02-18T09:47:00+01:00,0.0,False,False,1,1
12990709,2024-02-18,Sprinter,RRReis,31316,False,False,0,117141543,HVL,Hoevelaken,2024-02-18T09:54:00+01:00,0.0,False,2024-02-18T09:55:00+01:00,0.0,False,False,1,1
12990709,2024-02-18,Sprinter,RRReis,31316,False,False,0,117141544,AMF,Amersfoort Centraal,2024-02-18T10:01:00+01:00,0.0,False,,,,True,4b,5b
12990757,2024-02-18,Stoptrein,Blauwnet,31234,False,False,1,117141968,ODZ,Oldenzaal,,,,2024-02-18T09:33:00+01:00,0.0,False,False,1a,1a
12990757,2024-02-18,Stoptrein,Blauwnet,31234,False,False,0,117141969,HGLO,Hengelo Oost,2024-02-18T09:39:00+01:00,0.0,False,2024-02-18T09:39:00+01:00,0.0,False,False,1,1
12990757,2024-02-18,Stoptrein,Blauwnet,31234,False,False,0,117141970,HGL,Hengelo,2024-02-18T09:43:00+01:00,0.0,False,2024-02-18T09:46:00+01:00,0.0,False,False,2a,2a
12990767,2024-02-18,Sprinter,Blauwnet,7934,False,False,0,117142055,HGL,Hengelo,2024-02-18T09:43:00+01:00,0.0,False,2024-02-18T09:47:00+01:00,0.0,False,False,2b,2b
12990767,2024-02-18,Sprinter,Blauwnet,7934,False,False,0,117142056,BN,Borne,2024-02-18T09:52:00+01:00,0.0,False,2024-02-18T09:52:00+01:00,0.0,False,False,2,2
12990767,2024-02-18,Sprinter,Blauwnet,7934,False,False,0,117142057,AMRI,Almelo de Riet,2024-02-18T09:57:00+01:00,0.0,False,2024-02-18T09:57:00+01:00,0.0,False,False,1,1
12990767,2024-02-18,Sprinter,Blauwnet,7934,False,False,0,117142058,AML,Almelo,2024-02-18T10:00:00+01:00,0.0,False,2024-02-18T10:01:00+01:00,0.0,False,False,4b,4b
12990767,2024-02-18,Sprinter,Blauwnet,7934,False,False,0,117142059,WDN,Wierden,2024-02-18T10:05:00+01:00,0.0,False,2024-02-18T10:07:00+01:00,0.0,False,False,3,3
12990816,2024-02-18,Intercity,NS,1734,False,False,0,117142456,HGL,Hengelo,2024-02-18T09:52:00+01:00,0.0,False,2024-02-18T09:54:00+01:00,0.0,False,True,2a,2
12990816,2024-02-18,Intercity,NS,1734,False,False,0,117142457,AML,Almelo,2024-02-18T10:05:00+01:00,0.0,False,2024-02-18T10:06:00+01:00,0.0,False,False,4,4
12990816,2024-02-18,Intercity,NS,1734,False,False,0,117142458,DV,Deventer,2024-02-18T10:30:00+01:00,0.0,False,2024-02-18T10:33:00+01:00,0.0,False,False,4,4
12990816,2024-02-18,Intercity,NS,1734,False,False,0,117142459,APD,Apeldoorn,2024-02-18T10:43:00+01:00,0.0,False,2024-02-18T10:44:00+01:00,1.0,False,False,1,1
12990816,2024-02-18,Intercity,NS,1734,False,False,0,117142460,AMF,Amersfoort Centraal,2024-02-18T11:08:00+01:00,0.0,False,2024-02-18T11:10:00+01:00,0.0,False,False,6,6
12990853,2024-02-18,Sprinter,NS,7034,False,False,1,117142776,AML,Almelo,,,,2024-02-18T09:53:00+01:00,0.0,False,False,3,3
12990853,2024-02-18,Sprinter,NS,7034,False,False,0,117142777,WDN,Wierden,2024-02-18T09:58:00+01:00,0.0,False,2024-02-18T09:58:00+01:00,0.0,False,False,2,2
12990853,2024-02-18,Sprinter,NS,7034,False,False,0,117142778,RSN,Rijssen,2024-02-18T10:03:00+01:00,1.0,False,2024-02-18T10:03:00+01:00,1.0,False,False,3,3
12990853,2024-02-18,Sprinter,NS,7034,False,False,0,117142779,HON,Holten,2024-02-18T10:09:00+01:00,0.0,False,2024-02-18T10:09:00+01:00,0.0,False,False,2,2
12990853,2024-02-18,Sprinter,NS,7034,False,False,0,117142780,DVC,Deventer Colmschate,2024-02-18T10:19:00+01:00,0.0,False,2024-02-18T10:19:00+01:00,0.0,False,False,1,1
12990853,2024-02-18,Sprinter,NS,7034,False,False,0,117142781,DV,Deventer,2024-02-18T10:24:00+01:00,0.0,False,2024-02-18T10:25:00+01:00,0.0,False,False,4,4
12990853,2024-02-18,Sprinter,NS,7034,False,False,0,117142782,TWL,Twello,2024-02-18T10:30:00+01:00,0.0,False,2024-02-18T10:30:00+01:00,0.0,False,False,2,2
12990853,2024-02-18,Sprinter,NS,7034,False,False,0,117142783,APDO,Apeldoorn Osseveld,2024-02-18T10:36:00+01:00,0.0,False,2024-02-18T10:36:00+01:00,0.0,False,False,2,2
12990853,2024-02-18,Sprinter,NS,7034,False,False,0,117142784,APD,Apeldoorn,2024-02-18T10:40:00+01:00,0.0,False,,,,False,2,2
12990854,2024-02-18,Sprinter,RRReis,31318,False,False,0,117142790,BNN,Barneveld Noord,2024-02-18T10:16:00+01:00,0.0,False,2024-02-18T10:17:00+01:00,0.0,False,False,1,1
12990854,2024-02-18,Sprinter,RRReis,31318,False,False,0,117142791,HVL,Hoevelaken,2024-02-18T10:24:00+01:00,0.0,False,2024-02-18T10:25:00+01:00,0.0,False,False,1,1
12990854,2024-02-18,Sprinter,RRReis,31318,False,False,0,117142792,AMF,Amersfoort Centraal,2024-02-18T10:31:00+01:00,0.0,False,,,,False,4b,4b
12990874,2024-02-18,Intercity,NS,1530,False,False,0,117142986,AMF,Amersfoort Centraal,,,,2024-02-18T09:56:00+01:00,0.0,False,False,5a,5a
12991024,2024-02-18,Sprinter,RRReis,31320,False,False,0,117144373,BNN,Barneveld Noord,2024-02-18T10:46:00+01:00,1.0,False,2024-02-18T10:47:00+01:00,0.0,False,False,1,1
12991024,2024-02-18,Sprinter,RRReis,31320,False,False,0,117144374,HVL,Hoevelaken,2024-02-18T10:54:00+01:00,0.0,False,2024-02-18T10:55:00+01:00,0.0,False,False,1,1
12991024,2024-02-18,Sprinter,RRReis,31320,False,False,0,117144375,AMF,Amersfoort Centraal,2024-02-18T11:01:00+01:00,0.0,False,,,,False,4b,4b
12991048,2024-02-18,Intercity,NS,1532,False,False,2,117144594,AMF,Amersfoort Centraal,,,,2024-02-18T10:26:00+01:00,2.0,False,False,4a,4a
13141241,2024-03-11,Intercity,NS Int,242,False,False,0,118461535,BH,Bad Bentheim,2024-03-11T07:48:00+01:00,9.0,False,2024-03-11T07:51:00+01:00,9.0,False,False,,
13141241,2024-03-11,Intercity,NS Int,242,False,False,0,118461536,HGL,Hengelo,2024-03-11T08:07:00+01:00,13.0,False,2024-03-11T08:09:00+01:00,12.0,False,False,2,2
13141241,2024-03-11,Intercity,NS Int,242,False,False,0,118461537,DV,Deventer,2024-03-11T08:41:00+01:00,15.0,False,2024-03-11T08:45:00+01:00,13.0,False,False,3,3
13141241,2024-03-11,Intercity,NS Int,242,False,False,0,118461538,APD,Apeldoorn,2024-03-11T08:57:00+01:00,15.0,False,2024-03-11T08:59:00+01:00,15.0,False,False,1,1
13141241,2024-03-11,Intercity,NS Int,242,False,False,0,118461539,AMF,Amersfoort Centraal,2024-03-11T09:24:00+01:00,12.0,False,2024-03-11T09:26:00+01:00,12.0,False,True,7,5a
13141342,2024-03-11,Stoptrein,Eurobahn,20354,False,False,0,118462508,BH,Bad Bentheim,2024-03-11T08:03:00+01:00,11.0,False,2024-03-11T08:08:00+01:00,10.0,False,False,,
13141342,2024-03-11,Stoptrein,Eurobahn,20354,False,False,0,118462509,ODZ,Oldenzaal,2024-03-11T08:17:00+01:00,9.0,False,2024-03-11T08:18:00+01:00,9.0,False,False,1a,1a
13141342,2024-03-11,Stoptrein,Eurobahn,20354,False,False,0,118462510,HGL,Hengelo,2024-03-11T08:26:00+01:00,8.0,False,,,,False,11,11
13141461,2024-03-11,Intercity,NS,3620,False,False,0,118463674,DV,Deventer,2024-03-11T08:45:00+01:00,0.0,False,2024-03-11T08:46:00+01:00,0.0,False,False,4,4
13141673,2024-03-11,Intercity,NS,3622,False,False,0,118465646,DV,Deventer,2024-03-11T09:15:00+01:00,0.0,False,2024-03-11T09:16:00+01:00,0.0,False,False,4,4
13141870,2024-03-11,Intercity,NS,3624,False,False,0,118467546,DV,Deventer,2024-03-11T09:45:00+01:00,2.0,False,2024-03-11T09:46:00+01:00,2.0,False,False,4,4
13142035,2024-03-11,Sprinter,NS,7028,False,False,0,118469010,HGL,Hengelo,2024-03-11T08:01:00+01:00,0.0,False,2024-03-11T08:02:00+01:00,1.0,False,False,2a,2a
13142035,2024-03-11,Sprinter,NS,7028,False,False,0,118469011,BN,Borne,2024-03-11T08:07:00+01:00,1.0,False,2024-03-11T08:07:00+01:00,1.0,False,False,2,2
13142035,2024-03-11,Sprinter,NS,7028,False,False,0,118469012,AMRI,Almelo de Riet,2024-03-11T08:12:00+01:00,1.0,False,2024-03-11T08:12:00+01:00,1.0,False,False,1,1
13142035,2024-03-11,Sprinter,NS,7028,False,False,0,118469013,AML,Almelo,2024-03-11T08:15:00+01:00,1.0,False,2024-03-11T08:23:00+01:00,0.0,False,False,4b,4b
13142035,2024-03-11,Sprinter,NS,7028,False,False,0,118469014,WDN,Wierden,2024-03-11T08:28:00+01:00,0.0,False,2024-03-11T08:28:00+01:00,0.0,False,False,2,2
13142035,2024-03-11,Sprinter,NS,7028,False,False,0,118469015,RSN,Rijssen,2024-03-11T08:33:00+01:00,0.0,False,2024-03-11T08:33:00+01:00,0.0,False,False,3,3
13142035,2024-03-11,Sprinter,NS,7028,False,False,0,118469016,HON,Holten,2024-03-11T08:39:00+01:00,0.0,False,2024-03-11T08:39:00+01:00,0.0,False,False,2,2
13142035,2024-03-11,Sprinter,NS,7028,False,False,0,118469017,DVC,Deventer Colmschate,2024-03-11T08:49:00+01:00,0.0,False,2024-03-11T08:49:00+01:00,0.0,False,False,1,1
13142035,2024-03-11,Sprinter,NS,7028,False,False,0,118469018,DV,Deventer,2024-03-11T08:54:00+01:00,0.0,False,2024-03-11T08:55:00+01:00,0.0,False,False,4,4
13142035,2024-03-11,Sprinter,NS,7028,False,False,0,118469019,TWL,Twello,2024-03-11T09:00:00+01:00,0.0,False,2024-03-11T09:00:00+01:00,0.0,False,False,2,2
13142035,2024-03-11,Sprinter,NS,7028,False,False,0,118469020,APDO,Apeldoorn Osseveld,2024-03-11T09:06:00+01:00,0.0,False,2024-03-11T09:06:00+01:00,0.0,False,False,2,2
13142035,2024-03-11,Sprinter,NS,7028,False,False,0,118469021,APD,Apeldoorn,2024-03-11T09:10:00+01:00,0.0,False,,,,True,2,3
13142070,2024-03-11,Intercity,NS,3626,False,False,0,118469415,DV,Deventer,2024-03-11T10:15:00+01:00,0.0,False,2024-03-11T10:16:00+01:00,1.0,False,False,4,4
13142092,2024-03-11,Stoptrein,Blauwnet,31228,False,False,1,118469622,ODZ,Oldenzaal,,,,2024-03-11T08:03:00+01:00,0.0,False,False,1b,1b
13142092,2024-03-11,Stoptrein,Blauwnet,31228,False,False,0,118469623,HGLO,Hengelo Oost,2024-03-11T08:09:00+01:00,0.0,False,2024-03-11T08:09:00+01:00,0.0,False,False,1,1
13142092,2024-03-11,Stoptrein,Blauwnet,31228,False,False,0,118469624,HGL,Hengelo,2024-03-11T08:13:00+01:00,0.0,False,2024-03-11T08:16:00+01:00,1.0,False,False,2a,2a
13142105,2024-03-11,Sprinter,Blauwnet,7928,False,False,0,118469758,HGL,Hengelo,2024-03-11T08:13:00+01:00,0.0,False,2024-03-11T08:17:00+01:00,0.0,False,False,2b,2b
13142105,2024-03-11,Sprinter,Blauwnet,7928,False,False,0,118469759,BN,Borne,2024-03-11T08:22:00+01:00,0.0,False,2024-03-11T08:22:00+01:00,0.0,False,False,2,2
13142105,2024-03-11,Sprinter,Blauwnet,7928,False,False,0,118469760,AMRI,Almelo de Riet,2024-03-11T08:27:00+01:00,0.0,False,2024-03-11T08:27:00+01:00,0.0,False,False,1,1
13142105,2024-03-11,Sprinter,Blauwnet,7928,False,False,0,118469761,AML,Almelo,2024-03-11T08:30:00+01:00,0.0,False,2024-03-11T08:31:00+01:00,1.0,False,False,4b,4b
13142105,2024-03-11,Sprinter,Blauwnet,7928,False,False,0,118469762,WDN,Wierden,2024-03-11T08:36:00+01:00,0.0,False,2024-03-11T08:36:00+01:00,0.0,False,False,3,3
13142231,2024-03-11,Sprinter,NS,7030,False,False,0,118470893,HGL,Hengelo,2024-03-11T08:31:00+01:00,0.0,False,2024-03-11T08:32:00+01:00,0.0,False,False,2a,2a
13142231,2024-03-11,Sprinter,NS,7030,False,False,0,118470894,BN,Borne,2024-03-11T08:37:00+01:00,0.0,False,2024-03-11T08:37:00+01:00,0.0,False,False,2,2
13142231,2024-03-11,Sprinter,NS,7030,False,False,0,118470895,AMRI,Almelo de Riet,2024-03-11T08:42:00+01:00,0.0,False,2024-03-11T08:42:00+01:00,0.0,False,False,1,1
13142231,2024-03-11,Sprinter,NS,7030,False,False,0,118470896,AML,Almelo,2024-03-11T08:45:00+01:00,0.0,False,2024-03-11T08:53:00+01:00,1.0,False,False,4b,4b
13142231,2024-03-11,Sprinter,NS,7030,False,False,0,118470897,WDN,Wierden,2024-03-11T08:58:00+01:00,2.0,False,2024-03-11T08:58:00+01:00,2.0,False,False,2,2
13142231,2024-03-11,Sprinter,NS,7030,False,False,0,118470898,RSN,Rijssen,2024-03-11T09:03:00+01:00,2.0,False,2024-03-11T09:03:00+01:00,2.0,False,False,3,3
13142231,2024-03-11,Sprinter,NS,7030,False,False,0,118470899,HON,Holten,2024-03-11T09:09:00+01:00,1.0,False,2024-03-11T09:09:00+01:00,1.0,False,False,2,2
13142231,2024-03-11,Sprinter,NS,7030,False,False,0,118470900,DVC,Deventer Colmschate,2024-03-11T09:19:00+01:00,0.0,False,2024-03-11T09:19:00+01:00,0.0,False,False,1,1
13142231,2024-03-11,Sprinter,NS,7030,False,False,0,118470901,DV,Deventer,2024-03-11T09:24:00+01:00,0.0,False,2024-03-11T09:25:00+01:00,0.0,False,False,4,4
13142231,2024-03-11,Sprinter,NS,7030,False,False,0,118470902,TWL,Twello,2024-03-11T09:30:00+01:00,0.0,False,2024-03-11T09:30:00+01:00,0.0,False,False,2,2
13142231,2024-03-11,Sprinter,NS,7030,False,False,0,118470903,APDO,Apeldoorn Osseveld,2024-03-11T09:36:00+01:00,0.0,False,2024-03-11T09:36:00+01:00,0.0,False,False,2,2
13142231,2024-03-11,Sprinter,NS,7030,False,False,0,118470904,APD,Apeldoorn,2024-03-11T09:40:00+01:00,0.0,False,,,,True,2,3
13142280,2024-03-11,Intercity,Blauwnet,17930,False,False,0,118471420,HGL,Hengelo,2024-03-11T08:38:00+01:00,1.0,False,2024-03-11T08:39:00+01:00,1.0,False,False,2a,2a
13142280,2024-03-11,Intercity,Blauwnet,17930,False,False,0,118471421,AML,Almelo,2024-03-11T08:49:00+01:00,2.0,False,2024-03-11T08:50:00+01:00,3.0,False,False,4a,4a
13142293,2024-03-11,Stoptrein,Blauwnet,31230,False,False,1,118471535,ODZ,Oldenzaal,,,,2024-03-11T08:33:00+01:00,0.0,False,True,1a,2
13142293,2024-03-11,Stoptrein,Blauwnet,31230,False,False,0,118471536,HGLO,Hengelo Oost,2024-03-11T08:39:00+01:00,1.0,False,2024-03-11T08:39:00+01:00,1.0,False,False,1,1
13142293,2024-03-11,Stoptrein,Blauwnet,31230,False,False,0,118471537,HGL,Hengelo,2024-03-11T08:43:00+01:00,0.0,False,2024-03-11T08:46:00+01:00,0.0,False,False,2a,2a
13142306,2024-03-11,Sprinter,Blauwnet,7930,False,False,0,118471666,HGL,Hengelo,2024-03-11T08:43:00+01:00,0.0,False,2024-03-11T08:47:00+01:00,0.0,False,False,2b,2b
13142306,2024-03-11,Sprinter,Blauwnet,7930,False,False,0,118471667,BN,Borne,2024-03-11T08:52:00+01:00,0.0,False,2024-03-11T08:52:00+01:00,0.0,False,False,2,2
13142306,2024-03-11,Sprinter,Blauwnet,7930,False,False,0,118471668,AMRI,Almelo de Riet,2024-03-11T08:57:00+01:00,1.0,False,2024-03-11T08:57:00+01:00,1.0,False,False,1,1
13142306,2024-03-11,Sprinter,Blauwnet,7930,False,False,0,118471669,AML,Almelo,2024-03-11T09:00:00+01:00,0.0,False,2024-03-11T09:01:00+01:00,0.0,False,False,4b,4b
13142306,2024-03-11,Sprinter,Blauwnet,7930,False,False,0,118471670,WDN,Wierden,2024-03-11T09:05:00+01:00,0.0,False,2024-03-11T09:07:00+01:00,1.0,False,False,3,3
13142371,2024-03-11,Intercity,NS,1730,False,False,0,118472231,HGL,Hengelo,2024-03-11T08:53:00+01:00,0.0,False,2024-03-11T08:54:00+01:00,1.0,False,True,2a,2
13142371,2024-03-11,Intercity,NS,1730,False,False,0,118472232,AML,Almelo,2024-03-11T09:05:00+01:00,0.0,False,2024-03-11T09:06:00+01:00,0.0,False,False,4,4
13142371,2024-03-11,Intercity,NS,1730,False,False,0,118472233,DV,Deventer,2024-03-11T09:30:00+01:00,0.0,False,2024-03-11T09:33:00+01:00,0.0,False,False,4,4
13142371,2024-03-11,Intercity,NS,1730,False,False,0,118472234,APD,Apeldoorn,2024-03-11T09:43:00+01:00,0.0,False,2024-03-11T09:44:00+01:00,0.0,False,False,1,1
13142371,2024-03-11,Intercity,NS,1730,False,False,0,118472235,AMF,Amersfoort Centraal,2024-03-11T10:08:00+01:00,0.0,False,2024-03-11T10:10:00+01:00,0.0,False,False,6,6
13142416,2024-03-11,Sprinter,NS,7032,False,False,0,118472622,HGL,Hengelo,2024-03-11T09:01:00+01:00,0.0,False,2024-03-11T09:02:00+01:00,0.0,False,False,2a,2a
13142416,2024-03-11,Sprinter,NS,7032,False,False,0,118472623,BN,Borne,2024-03-11T09:07:00+01:00,0.0,False,2024-03-11T09:07:00+01:00,0.0,False,False,2,2
13142416,2024-03-11,Sprinter,NS,7032,False,False,0,118472624,AMRI,Almelo de Riet,2024-03-11T09:12:00+01:00,1.0,False,2024-03-11T09:12:00+01:00,1.0,False,False,1,1
13142416,2024-03-11,Sprinter,NS,7032,False,False,0,118472625,AML,Almelo,2024-03-11T09:15:00+01:00,0.0,False,2024-03-11T09:23:00+01:00,0.0,False,False,4b,4b
13142416,2024-03-11,Sprinter,NS,7032,False,False,0,118472626,WDN,Wierden,2024-03-11T09:28:00+01:00,1.0,False,2024-03-11T09:28:00+01:00,1.0,False,False,2,2
13142416,2024-03-11,Sprinter,NS,7032,False,False,0,118472627,RSN,Rijssen,2024-03-11T09:33:00+01:00,2.0,False,2024-03-11T09:33:00+01:00,2.0,False,False,3,3
13142416,2024-03-11,Sprinter,NS,7032,False,False,0,118472628,HON,Holten,2024-03-11T09:39:00+01:00,1.0,False,2024-03-11T09:39:00+01:00,1.0,False,False,2,2
13142416,2024-03-11,Sprinter,NS,7032,False,False,0,118472629,DVC,Deventer Colmschate,2024-03-11T09:49:00+01:00,0.0,False,2024-03-11T09:49:00+01:00,0.0,False,False,1,1
13142416,2024-03-11,Sprinter,NS,7032,False,False,0,118472630,DV,Deventer,2024-03-11T09:54:00+01:00,0.0,False,2024-03-11T09:55:00+01:00,0.0,False,False,4,4
13142416,2024-03-11,Sprinter,NS,7032,False,False,0,118472631,TWL,Twello,2024-03-11T10:00:00+01:00,0.0,False,2024-03-11T10:00:00+01:00,0.0,False,False,2,2
13142416,2024-03-11,Sprinter,NS,7032,False,False,0,118472632,APDO,Apeldoorn Osseveld,2024-03-11T10:06:00+01:00,0.0,False,2024-03-11T10:06:00+01:00,0.0,False,False,2,2
13142416,2024-03-11,Sprinter,NS,7032,False,False,0,118472633,APD,Apeldoorn,2024-03-11T10:10:00+01:00,0.0,False,,,,True,2,3
13142421,2024-03-11,Sprinter,RRReis,31314,False,False,0,118472676,BNN,Barneveld Noord,2024-03-11T09:16:00+01:00,2.0,False,2024-03-11T09:17:00+01:00,2.0,False,False,1,1
13142421,2024-03-11,Sprinter,RRReis,31314,False,False,0,118472677,HVL,Hoevelaken,2024-03-11T09:24:00+01:00,0.0,False,2024-03-11T09:25:00+01:00,0.0,False,False,1,1
13142421,2024-03-11,Sprinter,RRReis,31314,False,False,0,118472678,AMF,Amersfoort Centraal,2024-03-11T09:31:00+01:00,0.0,False,,,,False,4b,4b
13142473,2024-03-11,Stoptrein,Blauwnet,31232,False,False,2,118473229,ODZ,Oldenzaal,,,,2024-03-11T09:03:00+01:00,0.0,False,False,1a,1a
13142473,2024-03-11,Stoptrein,Blauwnet,31232,False,False,0,118473230,HGLO,Hengelo Oost,2024-03-11T09:09:00+01:00,1.0,False,2024-03-11T09:09:00+01:00,1.0,False,False,1,1
13142473,2024-03-11,Stoptrein,Blauwnet,31232,False,False,0,118473231,HGL,Hengelo,2024-03-11T09:13:00+01:00,1.0,False,2024-03-11T09:16:00+01:00,0.0,False,False,2a,2a
13142488,2024-03-11,Sprinter,Blauwnet,7932,False,False,0,118473385,HGL,Hengelo,2024-03-11T09:13:00+01:00,0.0,False,2024-03-11T09:17:00+01:00,0.0,False,False,2b,2b
13142488,2024-03-11,Sprinter,Blauwnet,7932,False,False,0,118473386,BN,Borne,2024-03-11T09:22:00+01:00,0.0,False,2024-03-11T09:22:00+01:00,0.0,False,False,2,2
13142488,2024-03-11,Sprinter,Blauwnet,7932,False,False,0,118473387,AMRI,Almelo de Riet,2024-03-11T09:27:00+01:00,1.0,False,2024-03-11T09:27:00+01:00,1.0,False,False,1,1
13142488,2024-03-11,Sprinter,Blauwnet,7932,False,False,0,118473388,AML,Almelo,2024-03-11T09:30:00+01:00,0.0,False,2024-03-11T09:31:00+01:00,0.0,False,False,4b,4b
13142488,2024-03-11,Sprinter,Blauwnet,7932,False,False,0,118473389,WDN,Wierden,2024-03-11T09:36:00+01:00,1.0,False,2024-03-11T09:36:00+01:00,1.0,False,False,3,3
13142582,2024-03-11,Intercity,NS,1530,False,False,1,118474229,DV,Deventer,,,,2024-03-11T09:20:00+01:00,1.0,False,False,3,3
13142582,2024-03-11,Intercity,NS,1530,False,False,0,118474230,APD,Apeldoorn,2024-03-11T09:30:00+01:00,0.0,False,2024-03-11T09:31:00+01:00,0.0,False,False,1,1
13142582,2024-03-11,Intercity,NS,1530,False,False,0,118474231,AMF,Amersfoort Centraal,2024-03-11T09:55:00+01:00,0.0,False,2024-03-11T09:56:00+01:00,0.0,False,False,7,7
13142598,2024-03-11,Sprinter,RRReis,31418,False,False,0,118474405,BNN,Barneveld Noord,2024-03-11T09:32:00+01:00,0.0,False,2024-03-11T09:33:00+01:00,0.0,False,False,1,1
13142598,2024-03-11,Sprinter,RRReis,31418,False,False,0,118474406,HVL,Hoevelaken,2024-03-11T09:39:00+01:00,0.0,False,2024-03-11T09:40:00+01:00,0.0,False,False,1,1
13142598,2024-03-11,Sprinter,RRReis,31418,False,False,0,118474407,AMF,Amersfoort Centraal,2024-03-11T09:46:00+01:00,0.0,False,,,,False,4b,4b
13142607,2024-03-11,Sprinter,NS,7034,False,False,0,118474484,HGL,Hengelo,2024-03-11T09:31:00+01:00,0.0,False,2024-03-11T09:32:00+01:00,0.0,False,False,2a,2a
13142607,2024-03-11,Sprinter,NS,7034,False,False,0,118474485,BN,Borne,2024-03-11T09:37:00+01:00,0.0,False,2024-03-11T09:37:00+01:00,0.0,False,False,2,2
13142607,2024-03-11,Sprinter,NS,7034,False,False,0,118474486,AMRI,Almelo de Riet,2024-03-11T09:42:00+01:00,1.0,False,2024-03-11T09:42:00+01:00,1.0,False,False,1,1
13142607,2024-03-11,Sprinter,NS,7034,False,False,0,118474487,AML,Almelo,2024-03-11T09:45:00+01:00,0.0,False,2024-03-11T09:53:00+01:00,0.0,False,False,4b,4b
13142607,2024-03-11,Sprinter,NS,7034,False,False,0,118474488,WDN,Wierden,2024-03-11T09:58:00+01:00,1.0,False,2024-03-11T09:58:00+01:00,1.0,False,False,2,2
13142607,2024-03-11,Sprinter,NS,7034,False,False,0,118474489,RSN,Rijssen,2024-03-11T10:03:00+01:00,1.0,False,2024-03-11T10:03:00+01:00,1.0,False,False,3,3
13142607,2024-03-11,Sprinter,NS,7034,False,False,0,118474490,HON,Holten,2024-03-11T10:09:00+01:00,1.0,False,2024-03-11T10:09:00+01:00,1.0,False,False,2,2
13142607,2024-03-11,Sprinter,NS,7034,False,False,0,118474491,DVC,Deventer Colmschate,2024-03-11T10:19:00+01:00,0.0,False,2024-03-11T10:19:00+01:00,0.0,False,False,1,1
13142607,2024-03-11,Sprinter,NS,7034,False,False,0,118474492,DV,Deventer,2024-03-11T10:24:00+01:00,0.0,False,2024-03-11T10:25:00+01:00,0.0,False,False,4,4
13142607,2024-03-11,Sprinter,NS,7034,False,False,0,118474493,TWL,Twello,2024-03-11T10:30:00+01:00,0.0,False,2024-03-11T10:30:00+01:00,0.0,False,False,2,2
13142607,2024-03-11,Sprinter,NS,7034,False,False,0,118474494,APDO,Apeldoorn Osseveld,2024-03-11T10:36:00+01:00,0.0,False,2024-03-11T10:36:00+01:00,0.0,False,False,2,2
13142607,2024-03-11,Sprinter,NS,7034,False,False,0,118474495,APD,Apeldoorn,2024-03-11T10:40:00+01:00,0.0,False,,,,True,2,3
13142612,2024-03-11,Sprinter,RRReis,31316,False,False,0,118474533,BNN,Barneveld Noord,2024-03-11T09:46:00+01:00,0.0,False,2024-03-11T09:47:00+01:00,0.0,False,False,1,1
13142612,2024-03-11,Sprinter,RRReis,31316,False,False,0,118474534,HVL,Hoevelaken,2024-03-11T09:54:00+01:00,0.0,False,2024-03-11T09:55:00+01:00,0.0,False,False,1,1
13142612,2024-03-11,Sprinter,RRReis,31316,False,False,0,118474535,AMF,Amersfoort Centraal,2024-03-11T10:01:00+01:00,0.0,False,,,,False,4b,4b
13142655,2024-03-11,Intercity,Blauwnet,17934,False,False,0,118474987,HGL,Hengelo,2024-03-11T09:38:00+01:00,1.0,False,2024-03-11T09:39:00+01:00,1.0,False,False,2a,2a
13142655,2024-03-11,Intercity,Blauwnet,17934,False,False,0,118474988,AML,Almelo,2024-03-11T09:49:00+01:00,2.0,False,2024-03-11T09:50:00+01:00,2.0,False,False,4a,4a
13142670,2024-03-11,Stoptrein,Blauwnet,31234,False,False,13,118475129,ODZ,Oldenzaal,,,,2024-03-11T09:33:00+01:00,10.0,False,False,1a,1a
13142670,2024-03-11,Stoptrein,Blauwnet,31234,False,False,0,118475130,HGLO,Hengelo Oost,2024-03-11T09:39:00+01:00,10.0,False,2024-03-11T09:39:00+01:00,10.0,False,False,1,1
13142670,2024-03-11,Stoptrein,Blauwnet,31234,False,False,0,118475131,HGL,Hengelo,2024-03-11T09:43:00+01:00,10.0,False,2024-03-11T09:46:00+01:00,8.0,False,False,2a,2a
13142677,2024-03-11,Sprinter,Blauwnet,7934,False,False,0,118475187,HGL,Hengelo,2024-03-11T09:43:00+01:00,0.0,False,2024-03-11T09:47:00+01:00,0.0,False,False,2b,2b
13142677,2024-03-11,Sprinter,Blauwnet,7934,False,False,0,118475188,BN,Borne,2024-03-11T09:52:00+01:00,0.0,False,2024-03-11T09:52:00+01:00,0.0,False,False,2,2
13142677,2024-03-11,Sprinter,Blauwnet,7934,False,False,0,118475189,AMRI,Almelo de Riet,2024-03-11T09:57:00+01:00,0.0,False,2024-03-11T09:57:00+01:00,0.0,False,False,1,1
13142677,2024-03-11,Sprinter,Blauwnet,7934,False,False,0,118475190,AML,Almelo,2024-03-11T10:00:00+01:00,0.0,False,2024-03-11T10:01:00+01:00,0.0,False,False,4b,4b
13142677,2024-03-11,Sprinter,Blauwnet,7934,False,False,0,118475191,WDN,Wierden,2024-03-11T10:05:00+01:00,0.0,False,2024-03-11T10:07:00+01:00,1.0,False,False,3,3
13142738,2024-03-11,Intercity,NS,1734,False,False,0,118475717,HGL,Hengelo,2024-03-11T09:52:00+01:00,4.0,False,2024-03-11T09:54:00+01:00,4.0,False,True,2,3a
13142738,2024-03-11,Intercity,NS,1734,False,False,0,118475718,AML,Almelo,2024-03-11T10:05:00+01:00,3.0,False,2024-03-11T10:06:00+01:00,3.0,False,False,4,4
13142738,2024-03-11,Intercity,NS,1734,False,False,0,118475719,DV,Deventer,2024-03-11T10:30:00+01:00,2.0,False,2024-03-11T10:33:00+01:00,0.0,False,False,4,4
13142738,2024-03-11,Intercity,NS,1734,False,False,0,118475720,APD,Apeldoorn,2024-03-11T10:43:00+01:00,0.0,False,2024-03-11T10:44:00+01:00,0.0,False,False,1,1
13142738,2024-03-11,Intercity,NS,1734,False,False,0,118475721,AMF,Amersfoort Centraal,2024-03-11T11:08:00+01:00,0.0,False,2024-03-11T11:10:00+01:00,0.0,False,False,6,6
13142756,2024-03-11,Intercity,NS,1532,False,False,0,118475875,DV,Deventer,,,,2024-03-11T09:49:00+01:00,0.0,False,False,1,1
13142756,2024-03-11,Intercity,NS,1532,False,False,0,118475876,APD,Apeldoorn,2024-03-11T10:00:00+01:00,0.0,False,2024-03-11T10:00:00+01:00,0.0,False,False,1,1
13142756,2024-03-11,Intercity,NS,1532,False,False,0,118475877,AMF,Amersfoort Centraal,2024-03-11T10:24:00+01:00,0.0,False,2024-03-11T10:26:00+01:00,0.0,False,False,7,7
13142779,2024-03-11,Sprinter,RRReis,31420,False,False,0,118476083,BNN,Barneveld Noord,2024-03-11T10:02:00+01:00,0.0,False,2024-03-11T10:03:00+01:00,0.0,False,False,1,1
13142779,2024-03-11,Sprinter,RRReis,31420,False,False,0,118476084,HVL,Hoevelaken,2024-03-11T10:09:00+01:00,0.0,False,2024-03-11T10:10:00+01:00,0.0,False,False,1,1
13142779,2024-03-11,Sprinter,RRReis,31420,False,False,0,118476085,AMF,Amersfoort Centraal,2024-03-11T10:16:00+01:00,0.0,False,,,,False,4b,4b
13142790,2024-03-11,Sprinter,RRReis,31318,False,False,0,118476195,BNN,Barneveld Noord,2024-03-11T10:16:00+01:00,1.0,False,2024-03-11T10:17:00+01:00,0.0,False,False,1,1
13142790,2024-03-11,Sprinter,RRReis,31318,False,False,0,118476196,HVL,Hoevelaken,2024-03-11T10:24:00+01:00,0.0,False,2024-03-11T10:25:00+01:00,0.0,False,False,1,1
13142790,2024-03-11,Sprinter,RRReis,31318,False,False,0,118476197,AMF,Amersfoort Centraal,2024-03-11T10:31:00+01:00,0.0,False,,,,False,4b,4b
13142953,2024-03-11,Sprinter,RRReis,31422,False,False,0,118477777,BNN,Barneveld Noord,2024-03-11T10:32:00+01:00,0.0,False,2024-03-11T10:33:00+01:00,0.0,False,False,1,1
13142953,2024-03-11,Sprinter,RRReis,31422,False,False,0,118477778,HVL,Hoevelaken,2024-03-11T10:39:00+01:00,1.0,False,2024-03-11T10:40:00+01:00,1.0,False,False,1,1
13142953,2024-03-11,Sprinter,RRReis,31422,False,False,0,118477779,AMF,Amersfoort Centraal,2024-03-11T10:46:00+01:00,0.0,False,,,,False,4b,4b
13142964,2024-03-11,Sprinter,RRReis,31320,False,False,0,118477878,BNN,Barneveld Noord,2024-03-11T10:46:00+01:00,1.0,False,2024-03-11T10:47:00+01:00,0.0,False,False,1,1
13142964,2024-03-11,Sprinter,RRReis,31320,False,False,0,118477879,HVL,Hoevelaken,2024-03-11T10:54:00+01:00,0.0,False,2024-03-11T10:55:00+01:00,0.0,False,False,1,1
13142964,2024-03-11,Sprinter,RRReis,31320,False,False,0,118477880,AMF,Amersfoort Centraal,2024-03-11T11:01:00+01:00,0.0,False,,,,False,4b,4b
13143130,2024-03-11,Sprinter,RRReis,31424,False,False,0,118479437,BNN,Barneveld Noord,2024-03-11T11:02:00+01:00,0.0,False,2024-03-11T11:03:00+01:00,0.0,False,False,1,1
13143130,2024-03-11,Sprinter,RRReis,31424,False,False,0,118479438,HVL,Hoevelaken,2024-03-11T11:09:00+01:00,0.0,False,2024-03-11T11:10:00+01:00,0.0,False,False,1,1
13143130,2024-03-11,Sprinter,RRReis,31424,False,False,0,118479439,AMF,Amersfoort Centraal,2024-03-11T11:16:00+01:00,0.0,False,,,,False,4b,4b
13997212,2024-07-19,Intercity,NS Int,242,False,False,0,126219326,BH,Bad Bentheim,2024-07-19T07:48:00+02:00,8.0,False,2024-07-19T07:51:00+02:00,9.0,False,False,,
13997212,2024-07-19,Intercity,NS Int,242,False,False,0,126219327,HGL,Hengelo,2024-07-19T08:07:00+02:00,13.0,False,2024-07-19T08:09:00+02:00,13.0,False,False,2,2
13997212,2024-07-19,Intercity,NS Int,242,False,False,0,126219328,DV,Deventer,2024-07-19T08:41:00+02:00,15.0,False,2024-07-19T08:50:00+02:00,20.0,False,False,3,3
13997326,2024-07-19,Stoptrein,Eurobahn,20354,False,False,0,126220307,BH,Bad Bentheim,2024-07-19T08:03:00+02:00,12.0,False,2024-07-19T08:08:00+02:00,9.0,False,False,,
13997326,2024-07-19,Stoptrein,Eurobahn,20354,False,False,0,126220308,ODZ,Oldenzaal,2024-07-19T08:17:00+02:00,9.0,False,2024-07-19T08:18:00+02:00,8.0,False,False,1a,1a
13997326,2024-07-19,Stoptrein,Eurobahn,20354,False,False,0,126220309,HGL,Hengelo,2024-07-19T08:26:00+02:00,8.0,False,,,,False,11,11
13997801,2024-07-19,Stoptrein,Eurobahn,20358,False,False,0,126223955,BH,Bad Bentheim,2024-07-19T09:03:00+02:00,10.0,False,2024-07-19T09:08:00+02:00,8.0,False,False,,
13997801,2024-07-19,Stoptrein,Eurobahn,20358,False,False,0,126223956,ODZ,Oldenzaal,2024-07-19T09:17:00+02:00,7.0,False,2024-07-19T09:18:00+02:00,8.0,False,False,1a,1a
13997801,2024-07-19,Stoptrein,Eurobahn,20358,False,False,0,126223957,HGL,Hengelo,2024-07-19T09:26:00+02:00,7.0,False,,,,False,11,11
13998086,2024-07-19,Intercity,NS,3620,False,False,0,126226061,DV,Deventer,2024-07-19T08:45:00+02:00,0.0,False,2024-07-19T08:46:00+02:00,0.0,False,False,4,4
13998125,2024-07-19,Sprinter,NS,7028,False,False,0,126226386,HGL,Hengelo,2024-07-19T08:01:00+02:00,0.0,False,2024-07-19T08:02:00+02:00,0.0,False,False,2a,2a
13998125,2024-07-19,Sprinter,NS,7028,False,False,0,126226387,BN,Borne,2024-07-19T08:07:00+02:00,0.0,False,2024-07-19T08:07:00+02:00,0.0,False,False,2,2
13998125,2024-07-19,Sprinter,NS,7028,False,False,0,126226388,AMRI,Almelo de Riet,2024-07-19T08:12:00+02:00,0.0,False,2024-07-19T08:12:00+02:00,0.0,False,False,1,1
13998125,2024-07-19,Sprinter,NS,7028,False,False,0,126226389,AML,Almelo,2024-07-19T08:15:00+02:00,0.0,False,2024-07-19T08:23:00+02:00,0.0,False,False,4b,4b
13998125,2024-07-19,Sprinter,NS,7028,False,False,0,126226390,WDN,Wierden,2024-07-19T08:28:00+02:00,0.0,False,2024-07-19T08:28:00+02:00,0.0,False,False,2,2
13998125,2024-07-19,Sprinter,NS,7028,False,False,0,126226391,RSN,Rijssen,2024-07-19T08:33:00+02:00,0.0,False,2024-07-19T08:33:00+02:00,0.0,False,False,3,3
13998125,2024-07-19,Sprinter,NS,7028,False,False,0,126226392,HON,Holten,2024-07-19T08:39:00+02:00,0.0,False,2024-07-19T08:39:00+02:00,0.0,False,False,2,2
13998125,2024-07-19,Sprinter,NS,7028,False,False,0,126226393,DVC,Deventer Colmschate,2024-07-19T08:49:00+02:00,0.0,False,2024-07-19T08:49:00+02:00,0.0,False,False,1,1
13998125,2024-07-19,Sprinter,NS,7028,False,False,0,126226394,DV,Deventer,2024-07-19T08:54:00+02:00,0.0,False,2024-07-19T08:55:00+02:00,0.0,False,False,4,4
13998125,2024-07-19,Sprinter,NS,7028,False,False,0,126226395,TWL,Twello,2024-07-19T09:00:00+02:00,0.0,False,2024-07-19T09:00:00+02:00,0.0,False,False,2,2
13998125,2024-07-19,Sprinter,NS,7028,False,False,0,126226396,APDO,Apeldoorn Osseveld,2024-07-19T09:06:00+02:00,0.0,False,2024-07-19T09:06:00+02:00,0.0,False,False,2,2
13998125,2024-07-19,Sprinter,NS,7028,False,False,0,126226397,APD,Apeldoorn,2024-07-19T09:11:00+02:00,0.0,False,,,,False,3,3
13998202,2024-07-19,Stoptrein,Blauwnet,31228,False,False,0,126226987,ODZ,Oldenzaal,,,,2024-07-19T08:03:00+02:00,0.0,False,False,1b,1b
13998202,2024-07-19,Stoptrein,Blauwnet,31228,False,False,0,126226988,HGLO,Hengelo Oost,2024-07-19T08:09:00+02:00,0.0,False,2024-07-19T08:09:00+02:00,0.0,False,False,1,1
13998202,2024-07-19,Stoptrein,Blauwnet,31228,False,False,0,126226989,HGL,Hengelo,2024-07-19T08:13:00+02:00,0.0,False,2024-07-19T08:16:00+02:00,0.0,False,False,2a,2a
13998210,2024-07-19,Sprinter,Blauwnet,7928,False,False,0,126227056,HGL,Hengelo,2024-07-19T08:13:00+02:00,0.0,False,2024-07-19T08:17:00+02:00,0.0,False,False,2b,2b
13998210,2024-07-19,Sprinter,Blauwnet,7928,False,False,0,126227057,BN,Borne,2024-07-19T08:22:00+02:00,0.0,False,2024-07-19T08:22:00+02:00,0.0,False,False,2,2
13998210,2024-07-19,Sprinter,Blauwnet,7928,False,False,0,126227058,AMRI,Almelo de Riet,2024-07-19T08:27:00+02:00,0.0,False,2024-07-19T08:27:00+02:00,0.0,False,False,1,1
13998210,2024-07-19,Sprinter,Blauwnet,7928,False,False,0,126227059,AML,Almelo,2024-07-19T08:30:00+02:00,0.0,False,2024-07-19T08:31:00+02:00,0.0,False,False,4b,4b
13998210,2024-07-19,Sprinter,Blauwnet,7928,False,False,0,126227060,WDN,Wierden,2024-07-19T08:36:00+02:00,0.0,False,2024-07-19T08:36:00+02:00,0.0,False,False,3,3
13998321,2024-07-19,Intercity,NS,3622,False,False,0,126227868,DV,Deventer,2024-07-19T09:15:00+02:00,0.0,False,2024-07-19T09:16:00+02:00,8.0,False,False,4,4
13998365,2024-07-19,Sprinter,NS,7030,False,False,0,126228212,HGL,Hengelo,2024-07-19T08:31:00+02:00,0.0,False,2024-07-19T08:32:00+02:00,0.0,False,False,2a,2a
13998365,2024-07-19,Sprinter,NS,7030,False,False,0,126228213,BN,Borne,2024-07-19T08:37:00+02:00,0.0,False,2024-07-19T08:37:00+02:00,0.0,False,False,2,2
13998365,2024-07-19,Sprinter,NS,7030,False,False,0,126228214,AMRI,Almelo de Riet,2024-07-19T08:42:00+02:00,0.0,False,2024-07-19T08:42:00+02:00,0.0,False,False,1,1
13998365,2024-07-19,Sprinter,NS,7030,False,False,0,126228215,AML,Almelo,2024-07-19T08:45:00+02:00,0.0,False,2024-07-19T08:53:00+02:00,0.0,False,False,4b,4b
13998365,2024-07-19,Sprinter,NS,7030,False,False,0,126228216,WDN,Wierden,2024-07-19T08:58:00+02:00,0.0,False,2024-07-19T08:58:00+02:00,0.0,False,False,2,2
13998365,2024-07-19,Sprinter,NS,7030,False,False,0,126228217,RSN,Rijssen,2024-07-19T09:03:00+02:00,0.0,False,2024-07-19T09:03:00+02:00,0.0,False,False,3,3
13998365,2024-07-19,Sprinter,NS,7030,False,False,0,126228218,HON,Holten,2024-07-19T09:09:00+02:00,0.0,False,2024-07-19T09:09:00+02:00,0.0,False,False,2,2
13998365,2024-07-19,Sprinter,NS,7030,False,False,0,126228219,DVC,Deventer Colmschate,2024-07-19T09:19:00+02:00,0.0,False,2024-07-19T09:19:00+02:00,0.0,False,False,1,1
13998365,2024-07-19,Sprinter,NS,7030,False,False,0,126228220,DV,Deventer,2024-07-19T09:24:00+02:00,2.0,False,2024-07-19T09:25:00+02:00,2.0,False,False,4,4
13998365,2024-07-19,Sprinter,NS,7030,False,False,0,126228221,TWL,Twello,2024-07-19T09:30:00+02:00,2.0,False,2024-07-19T09:30:00+02:00,2.0,False,False,2,2
13998365,2024-07-19,Sprinter,NS,7030,False,False,0,126228222,APDO,Apeldoorn Osseveld,2024-07-19T09:36:00+02:00,0.0,False,2024-07-19T09:36:00+02:00,0.0,False,False,2,2
13998365,2024-07-19,Sprinter,NS,7030,False,False,0,126228223,APD,Apeldoorn,2024-07-19T09:40:00+02:00,0.0,False,,,,False,3,3
13998426,2024-07-19,Intercity,Blauwnet,17930,False,False,0,126228692,HGL,Hengelo,2024-07-19T08:38:00+02:00,0.0,False,2024-07-19T08:39:00+02:00,0.0,False,False,2a,2a
13998426,2024-07-19,Intercity,Blauwnet,17930,False,False,0,126228693,AML,Almelo,2024-07-19T08:49:00+02:00,0.0,False,2024-07-19T08:50:00+02:00,0.0,False,False,4a,4a
13998435,2024-07-19,Stoptrein,Blauwnet,31230,False,False,1,126228753,ODZ,Oldenzaal,,,,2024-07-19T08:33:00+02:00,0.0,False,False,1a,1a
13998435,2024-07-19,Stoptrein,Blauwnet,31230,False,False,0,126228754,HGLO,Hengelo Oost,2024-07-19T08:39:00+02:00,0.0,False,2024-07-19T08:39:00+02:00,0.0,False,False,1,1
13998435,2024-07-19,Stoptrein,Blauwnet,31230,False,False,0,126228755,HGL,Hengelo,2024-07-19T08:43:00+02:00,0.0,False,2024-07-19T08:46:00+02:00,0.0,False,False,2a,2a
13998537,2024-07-19,Intercity,NS,1730,False,False,0,126229473,HGL,Hengelo,2024-07-19T08:53:00+02:00,0.0,False,2024-07-19T08:54:00+02:00,0.0,False,False,2a,2a
13998537,2024-07-19,Intercity,NS,1730,False,False,0,126229474,AML,Almelo,2024-07-19T09:05:00+02:00,0.0,False,2024-07-19T09:06:00+02:00,0.0,False,False,4b,4b
13998537,2024-07-19,Intercity,NS,1730,False,False,0,126229475,DV,Deventer,2024-07-19T09:30:00+02:00,0.0,False,2024-07-19T09:33:00+02:00,0.0,False,False,4,4
13998537,2024-07-19,Intercity,NS,1730,False,False,0,126229476,APD,Apeldoorn,2024-07-19T09:44:00+02:00,0.0,False,,,,False,4,4
13998558,2024-07-19,Intercity,NS,3624,False,False,0,126229627,DV,Deventer,2024-07-19T09:45:00+02:00,1.0,False,2024-07-19T09:46:00+02:00,1.0,False,False,4,4
13998594,2024-07-19,Sprinter,NS,7032,False,False,0,126229914,HGL,Hengelo,2024-07-19T09:01:00+02:00,2.0,False,2024-07-19T09:02:00+02:00,2.0,False,False,2a,2a
13998594,2024-07-19,Sprinter,NS,7032,False,False,0,126229915,BN,Borne,2024-07-19T09:07:00+02:00,2.0,False,2024-07-19T09:07:00+02:00,2.0,False,False,2,2
13998594,2024-07-19,Sprinter,NS,7032,False,False,0,126229916,AMRI,Almelo de Riet,2024-07-19T09:12:00+02:00,2.0,False,2024-07-19T09:12:00+02:00,2.0,False,False,1,1
13998594,2024-07-19,Sprinter,NS,7032,False,False,0,126229917,AML,Almelo,2024-07-19T09:15:00+02:00,2.0,False,2024-07-19T09:23:00+02:00,0.0,False,False,4b,4b
13998594,2024-07-19,Sprinter,NS,7032,False,False,0,126229918,WDN,Wierden,2024-07-19T09:28:00+02:00,0.0,False,2024-07-19T09:28:00+02:00,0.0,False,False,2,2
13998594,2024-07-19,Sprinter,NS,7032,False,False,0,126229919,RSN,Rijssen,2024-07-19T09:33:00+02:00,0.0,False,2024-07-19T09:33:00+02:00,0.0,False,False,3,3
13998594,2024-07-19,Sprinter,NS,7032,False,False,0,126229920,HON,Holten,2024-07-19T09:39:00+02:00,0.0,False,2024-07-19T09:39:00+02:00,0.0,False,False,2,2
13998594,2024-07-19,Sprinter,NS,7032,False,False,0,126229921,DVC,Deventer Colmschate,2024-07-19T09:49:00+02:00,0.0,False,2024-07-19T09:49:00+02:00,0.0,False,False,1,1
13998594,2024-07-19,Sprinter,NS,7032,False,False,0,126229922,DV,Deventer,2024-07-19T09:54:00+02:00,0.0,False,2024-07-19T09:55:00+02:00,0.0,False,False,4,4
13998594,2024-07-19,Sprinter,NS,7032,False,False,0,126229923,TWL,Twello,2024-07-19T10:00:00+02:00,0.0,False,2024-07-19T10:00:00+02:00,0.0,False,False,2,2
13998594,2024-07-19,Sprinter,NS,7032,False,False,0,126229924,APDO,Apeldoorn Osseveld,2024-07-19T10:06:00+02:00,0.0,False,2024-07-19T10:06:00+02:00,0.0,False,False,2,2
13998594,2024-07-19,Sprinter,NS,7032,False,False,0,126229925,APD,Apeldoorn,2024-07-19T10:10:00+02:00,0.0,False,,,,False,2,2
13998671,2024-07-19,Stoptrein,Blauwnet,31232,False,False,1,126230516,ODZ,Oldenzaal,,,,2024-07-19T09:03:00+02:00,0.0,False,False,1a,1a
13998671,2024-07-19,Stoptrein,Blauwnet,31232,False,False,0,126230517,HGLO,Hengelo Oost,2024-07-19T09:09:00+02:00,0.0,False,2024-07-19T09:09:00+02:00,0.0,False,False,1,1
13998671,2024-07-19,Stoptrein,Blauwnet,31232,False,False,0,126230518,HGL,Hengelo,2024-07-19T09:13:00+02:00,0.0,False,2024-07-19T09:16:00+02:00,0.0,False,False,2a,2a
13998678,2024-07-19,Sprinter,Blauwnet,7932,False,False,0,126230586,HGL,Hengelo,2024-07-19T09:13:00+02:00,0.0,False,2024-07-19T09:17:00+02:00,0.0,False,False,2b,2b
13998678,2024-07-19,Sprinter,Blauwnet,7932,False,False,0,126230587,BN,Borne,2024-07-19T09:22:00+02:00,0.0,False,2024-07-19T09:22:00+02:00,0.0,False,False,2,2
13998678,2024-07-19,Sprinter,Blauwnet,7932,False,False,0,126230588,AMRI,Almelo de Riet,2024-07-19T09:27:00+02:00,0.0,False,2024-07-19T09:27:00+02:00,0.0,False,False,1,1
13998678,2024-07-19,Sprinter,Blauwnet,7932,False,False,0,126230589,AML,Almelo,2024-07-19T09:30:00+02:00,0.0,False,2024-07-19T09:31:00+02:00,0.0,False,False,4b,4b
13998678,2024-07-19,Sprinter,Blauwnet,7932,False,False,0,126230590,WDN,Wierden,2024-07-19T09:36:00+02:00,0.0,False,2024-07-19T09:36:00+02:00,0.0,False,False,3,3
13998787,2024-07-19,Intercity,NS,3626,False,False,0,126231362,DV,Deventer,2024-07-19T10:15:00+02:00,0.0,False,2024-07-19T10:16:00+02:00,1.0,False,False,4,4
13998828,2024-07-19,Sprinter,NS,7034,False,False,0,126231689,HGL,Hengelo,2024-07-19T09:31:00+02:00,0.0,False,2024-07-19T09:32:00+02:00,0.0,False,False,2a,2a
13998828,2024-07-19,Sprinter,NS,7034,False,False,0,126231690,BN,Borne,2024-07-19T09:37:00+02:00,0.0,False,2024-07-19T09:37:00+02:00,0.0,False,False,2,2
13998828,2024-07-19,Sprinter,NS,7034,False,False,0,126231691,AMRI,Almelo de Riet,2024-07-19T09:42:00+02:00,0.0,False,2024-07-19T09:42:00+02:00,0.0,False,False,1,1
13998828,2024-07-19,Sprinter,NS,7034,False,False,0,126231692,AML,Almelo,2024-07-19T09:45:00+02:00,0.0,False,2024-07-19T09:53:00+02:00,0.0,False,False,4b,4b
13998828,2024-07-19,Sprinter,NS,7034,False,False,0,126231693,WDN,Wierden,2024-07-19T09:58:00+02:00,0.0,False,2024-07-19T09:58:00+02:00,0.0,False,False,2,2
13998828,2024-07-19,Sprinter,NS,7034,False,False,0,126231694,RSN,Rijssen,2024-07-19T10:03:00+02:00,0.0,False,2024-07-19T10:03:00+02:00,0.0,False,False,3,3
13998828,2024-07-19,Sprinter,NS,7034,False,False,0,126231695,HON,Holten,2024-07-19T10:09:00+02:00,0.0,False,2024-07-19T10:09:00+02:00,0.0,False,False,2,2
13998828,2024-07-19,Sprinter,NS,7034,False,False,0,126231696,DVC,Deventer Colmschate,2024-07-19T10:19:00+02:00,0.0,False,2024-07-19T10:19:00+02:00,0.0,False,False,1,1
13998828,2024-07-19,Sprinter,NS,7034,False,False,0,126231697,DV,Deventer,2024-07-19T10:24:00+02:00,0.0,False,2024-07-19T10:25:00+02:00,0.0,False,False,4,4
13998828,2024-07-19,Sprinter,NS,7034,False,False,0,126231698,TWL,Twello,2024-07-19T10:30:00+02:00,0.0,False,2024-07-19T10:30:00+02:00,0.0,False,False,2,2
13998828,2024-07-19,Sprinter,NS,7034,False,False,0,126231699,APDO,Apeldoorn Osseveld,2024-07-19T10:36:00+02:00,0.0,False,2024-07-19T10:36:00+02:00,0.0,False,False,2,2
13998828,2024-07-19,Sprinter,NS,7034,False,False,0,126231700,APD,Apeldoorn,2024-07-19T10:40:00+02:00,0.0,False,,,,False,2,2
13998889,2024-07-19,Intercity,Blauwnet,17934,False,False,0,126232178,HGL,Hengelo,2024-07-19T09:38:00+02:00,0.0,False,2024-07-19T09:39:00+02:00,0.0,False,False,2a,2a
13998889,2024-07-19,Intercity,Blauwnet,17934,False,False,0,126232179,AML,Almelo,2024-07-19T09:49:00+02:00,0.0,False,2024-07-19T09:50:00+02:00,0.0,False,False,4a,4a
13998909,2024-07-19,Stoptrein,Blauwnet,31234,False,False,1,126232313,ODZ,Oldenzaal,,,,2024-07-19T09:33:00+02:00,0.0,False,True,1a,1b
13998909,2024-07-19,Stoptrein,Blauwnet,31234,False,False,0,126232314,HGLO,Hengelo Oost,2024-07-19T09:39:00+02:00,0.0,False,2024-07-19T09:39:00+02:00,0.0,False,False,1,1
13998909,2024-07-19,Stoptrein,Blauwnet,31234,False,False,0,126232315,HGL,Hengelo,2024-07-19T09:43:00+02:00,0.0,False,2024-07-19T09:46:00+02:00,0.0,False,False,2a,2a
13998915,2024-07-19,Sprinter,Blauwnet,7934,False,False,0,126232366,HGL,Hengelo,2024-07-19T09:43:00+02:00,0.0,False,2024-07-19T09:47:00+02:00,0.0,False,False,2b,2b
13998915,2024-07-19,Sprinter,Blauwnet,7934,False,False,0,126232367,BN,Borne,2024-07-19T09:52:00+02:00,0.0,False,2024-07-19T09:52:00+02:00,0.0,False,False,2,2
13998915,2024-07-19,Sprinter,Blauwnet,7934,False,False,0,126232368,AMRI,Almelo de Riet,2024-07-19T09:57:00+02:00,0.0,False,2024-07-19T09:57:00+02:00,0.0,False,False,1,1
13998915,2024-07-19,Sprinter,Blauwnet,7934,False,False,0,126232369,AML,Almelo,2024-07-19T10:00:00+02:00,0.0,False,2024-07-19T10:01:00+02:00,0.0,False,False,4b,4b
13998915,2024-07-19,Sprinter,Blauwnet,7934,False,False,0,126232370,WDN,Wierden,2024-07-19T10:05:00+02:00,0.0,False,2024-07-19T10:07:00+02:00,0.0,False,False,3,3
13998995,2024-07-19,Intercity,NS,1734,False,False,0,126232916,HGL,Hengelo,2024-07-19T09:52:00+02:00,0.0,False,2024-07-19T09:54:00+02:00,0.0,False,False,2a,2a
13998995,2024-07-19,Intercity,NS,1734,False,False,0,126232917,AML,Almelo,2024-07-19T10:05:00+02:00,0.0,False,2024-07-19T10:06:00+02:00,0.0,False,False,4b,4b
13998995,2024-07-19,Intercity,NS,1734,False,False,0,126232918,DV,Deventer,2024-07-19T10:30:00+02:00,0.0,False,2024-07-19T10:33:00+02:00,0.0,False,False,4,4
13998995,2024-07-19,Intercity,NS,1734,False,False,0,126232919,APD,Apeldoorn,2024-07-19T10:44:00+02:00,0.0,False,,,,False,4,4
14005673,2024-07-20,Intercity,NS Int,242,False,False,0,126282404,BH,Bad Bentheim,2024-07-20T07:48:00+02:00,5.0,False,2024-07-20T07:51:00+02:00,9.0,False,False,,
14005673,2024-07-20,Intercity,NS Int,242,False,False,0,126282405,HGL,Hengelo,2024-07-20T08:07:00+02:00,13.0,False,2024-07-20T08:09:00+02:00,13.0,False,False,2,2
14005673,2024-07-20,Intercity,NS Int,242,False,False,0,126282406,DV,Deventer,2024-07-20T08:41:00+02:00,13.0,False,2024-07-20T08:50:00+02:00,6.0,False,True,3,4
14005714,2024-07-20,Stoptrein,Eurobahn,20354,False,False,0,126282826,BH,Bad Bentheim,2024-07-20T08:03:00+02:00,7.0,False,2024-07-20T08:08:00+02:00,4.0,False,False,,
14005714,2024-07-20,Stoptrein,Eurobahn,20354,False,False,0,126282827,ODZ,Oldenzaal,2024-07-20T08:17:00+02:00,4.0,False,2024-07-20T08:18:00+02:00,3.0,False,False,1a,1a
14005714,2024-07-20,Stoptrein,Eurobahn,20354,False,False,0,126282828,HGL,Hengelo,2024-07-20T08:26:00+02:00,2.0,False,,,,False,11,11
14005781,2024-07-20,Intercity,NS,3620,False,False,0,126283516,DV,Deventer,2024-07-20T08:45:00+02:00,0.0,False,2024-07-20T08:46:00+02:00,1.0,False,True,4,4a
14005931,2024-07-20,Intercity,NS,3622,False,False,0,126284809,DV,Deventer,2024-07-20T09:15:00+02:00,0.0,False,2024-07-20T09:16:00+02:00,0.0,False,False,4,4
14006034,2024-07-20,Stoptrein,Eurobahn,20358,False,False,0,126285620,BH,Bad Bentheim,2024-07-20T09:03:00+02:00,3.0,False,2024-07-20T09:08:00+02:00,0.0,False,False,,
14006034,2024-07-20,Stoptrein,Eurobahn,20358,False,False,0,126285621,ODZ,Oldenzaal,2024-07-20T09:17:00+02:00,0.0,False,2024-07-20T09:18:00+02:00,0.0,False,False,1a,1a
14006034,2024-07-20,Stoptrein,Eurobahn,20358,False,False,0,126285622,HGL,Hengelo,2024-07-20T09:26:00+02:00,0.0,False,,,,False,11,11
14006136,2024-07-20,Intercity,NS,3624,False,False,0,126286428,DV,Deventer,2024-07-20T09:45:00+02:00,0.0,False,2024-07-20T09:46:00+02:00,0.0,False,False,4,4
14006332,2024-07-20,Intercity,NS,3626,False,False,0,126287991,DV,Deventer,2024-07-20T10:15:00+02:00,6.0,False,2024-07-20T10:16:00+02:00,6.0,False,False,4,4
14006368,2024-07-20,Stoptrein,Blauwnet,31228,False,False,1,126288230,ODZ,Oldenzaal,,,,2024-07-20T08:03:00+02:00,0.0,False,False,1b,1b
14006368,2024-07-20,Stoptrein,Blauwnet,31228,False,False,0,126288231,HGLO,Hengelo Oost,2024-07-20T08:09:00+02:00,0.0,False,2024-07-20T08:09:00+02:00,0.0,False,False,1,1
14006368,2024-07-20,Stoptrein,Blauwnet,31228,False,False,0,126288232,HGL,Hengelo,2024-07-20T08:13:00+02:00,0.0,False,2024-07-20T08:16:00+02:00,0.0,False,False,2a,2a
14006374,2024-07-20,Sprinter,Blauwnet,7928,False,False,0,126288296,HGL,Hengelo,2024-07-20T08:13:00+02:00,0.0,False,2024-07-20T08:17:00+02:00,0.0,False,False,2b,2b
14006374,2024-07-20,Sprinter,Blauwnet,7928,False,False,0,126288297,BN,Borne,2024-07-20T08:22:00+02:00,0.0,False,2024-07-20T08:22:00+02:00,0.0,False,False,2,2
14006374,2024-07-20,Sprinter,Blauwnet,7928,False,False,0,126288298,AMRI,Almelo de Riet,2024-07-20T08:27:00+02:00,0.0,False,2024-07-20T08:27:00+02:00,0.0,False,False,1,1
14006374,2024-07-20,Sprinter,Blauwnet,7928,False,False,0,126288299,AML,Almelo,2024-07-20T08:30:00+02:00,0.0,False,2024-07-20T08:31:00+02:00,3.0,False,False,4b,4b
14006374,2024-07-20,Sprinter,Blauwnet,7928,False,False,0,126288300,WDN,Wierden,2024-07-20T08:36:00+02:00,3.0,False,2024-07-20T08:36:00+02:00,3.0,False,False,3,3
14006573,2024-07-20,Stoptrein,Blauwnet,31230,False,False,1,126289940,ODZ,Oldenzaal,,,,2024-07-20T08:33:00+02:00,0.0,False,True,1a,2
14006573,2024-07-20,Stoptrein,Blauwnet,31230,False,False,0,126289941,HGLO,Hengelo Oost,2024-07-20T08:39:00+02:00,0.0,False,2024-07-20T08:39:00+02:00,0.0,False,False,1,1
14006573,2024-07-20,Stoptrein,Blauwnet,31230,False,False,0,126289942,HGL,Hengelo,2024-07-20T08:43:00+02:00,0.0,False,2024-07-20T08:46:00+02:00,0.0,False,False,2a,2a
14006582,2024-07-20,Sprinter,Blauwnet,7930,False,False,0,126290022,HGL,Hengelo,2024-07-20T08:43:00+02:00,0.0,False,2024-07-20T08:47:00+02:00,1.0,False,False,2b,2b
14006582,2024-07-20,Sprinter,Blauwnet,7930,False,False,0,126290023,BN,Borne,2024-07-20T08:52:00+02:00,0.0,False,2024-07-20T08:52:00+02:00,0.0,False,False,2,2
14006582,2024-07-20,Sprinter,Blauwnet,7930,False,False,0,126290024,AMRI,Almelo de Riet,2024-07-20T08:57:00+02:00,0.0,False,2024-07-20T08:57:00+02:00,0.0,False,False,1,1
14006582,2024-07-20,Sprinter,Blauwnet,7930,False,False,0,126290025,AML,Almelo,2024-07-20T09:00:00+02:00,0.0,False,2024-07-20T09:01:00+02:00,0.0,False,False,4b,4b
14006582,2024-07-20,Sprinter,Blauwnet,7930,False,False,0,126290026,WDN,Wierden,2024-07-20T09:05:00+02:00,0.0,False,2024-07-20T09:07:00+02:00,0.0,False,False,3,3
14006657,2024-07-20,Intercity,NS,1730,False,False,0,126290570,HGL,Hengelo,2024-07-20T08:53:00+02:00,0.0,False,2024-07-20T08:54:00+02:00,0.0,False,False,2,2
14006657,2024-07-20,Intercity,NS,1730,False,False,0,126290571,AML,Almelo,2024-07-20T09:05:00+02:00,0.0,False,2024-07-20T09:06:00+02:00,0.0,False,False,4,4
14006657,2024-07-20,Intercity,NS,1730,False,False,0,126290572,DV,Deventer,2024-07-20T09:30:00+02:00,4.0,False,2024-07-20T09:33:00+02:00,3.0,False,False,4,4
14006657,2024-07-20,Intercity,NS,1730,False,False,0,126290573,APD,Apeldoorn,2024-07-20T09:44:00+02:00,5.0,False,,,,False,4,4
14006713,2024-07-20,Sprinter,NS,7030,False,False,7,126291027,AML,Almelo,,,,2024-07-20T08:53:00+02:00,0.0,False,False,3,3
14006713,2024-07-20,Sprinter,NS,7030,False,False,0,126291028,WDN,Wierden,2024-07-20T08:58:00+02:00,0.0,False,2024-07-20T08:58:00+02:00,0.0,False,False,2,2
14006713,2024-07-20,Sprinter,NS,7030,False,False,0,126291029,RSN,Rijssen,2024-07-20T09:03:00+02:00,0.0,False,2024-07-20T09:03:00+02:00,0.0,False,False,3,3
14006713,2024-07-20,Sprinter,NS,7030,False,False,0,126291030,HON,Holten,2024-07-20T09:09:00+02:00,0.0,False,2024-07-20T09:09:00+02:00,0.0,False,False,2,2
14006713,2024-07-20,Sprinter,NS,7030,False,False,0,126291031,DVC,Deventer Colmschate,2024-07-20T09:19:00+02:00,0.0,False,2024-07-20T09:19:00+02:00,0.0,False,False,1,1
14006713,2024-07-20,Sprinter,NS,7030,False,False,0,126291032,DV,Deventer,2024-07-20T09:24:00+02:00,0.0,False,2024-07-20T09:25:00+02:00,6.0,False,False,4,4
14006713,2024-07-20,Sprinter,NS,7030,False,False,0,126291033,TWL,Twello,2024-07-20T09:30:00+02:00,6.0,False,2024-07-20T09:30:00+02:00,6.0,False,False,2,2
14006713,2024-07-20,Sprinter,NS,7030,False,False,0,126291034,APDO,Apeldoorn Osseveld,2024-07-20T09:36:00+02:00,7.0,False,2024-07-20T09:36:00+02:00,7.0,False,False,2,2
14006713,2024-07-20,Sprinter,NS,7030,False,False,0,126291035,APD,Apeldoorn,2024-07-20T09:40:00+02:00,6.0,False,,,,False,2,2
14006767,2024-07-20,Stoptrein,Blauwnet,31232,False,False,1,126291425,ODZ,Oldenzaal,,,,2024-07-20T09:03:00+02:00,0.0,False,False,1a,1a
14006767,2024-07-20,Stoptrein,Blauwnet,31232,False,False,0,126291426,HGLO,Hengelo Oost,2024-07-20T09:09:00+02:00,0.0,False,2024-07-20T09:09:00+02:00,0.0,False,False,1,1
14006767,2024-07-20,Stoptrein,Blauwnet,31232,False,False,0,126291427,HGL,Hengelo,2024-07-20T09:13:00+02:00,0.0,False,2024-07-20T09:16:00+02:00,0.0,False,False,2a,2a
14006773,2024-07-20,Sprinter,Blauwnet,7932,False,False,0,126291492,HGL,Hengelo,2024-07-20T09:13:00+02:00,0.0,False,2024-07-20T09:17:00+02:00,0.0,False,False,2b,2b
14006773,2024-07-20,Sprinter,Blauwnet,7932,False,False,0,126291493,BN,Borne,2024-07-20T09:22:00+02:00,0.0,False,2024-07-20T09:22:00+02:00,0.0,False,False,2,2
14006773,2024-07-20,Sprinter,Blauwnet,7932,False,False,0,126291494,AMRI,Almelo de Riet,2024-07-20T09:27:00+02:00,0.0,False,2024-07-20T09:27:00+02:00,0.0,False,False,1,1
14006773,2024-07-20,Sprinter,Blauwnet,7932,False,False,0,126291495,AML,Almelo,2024-07-20T09:30:00+02:00,0.0,False,2024-07-20T09:31:00+02:00,0.0,False,False,4b,4b
14006773,2024-07-20,Sprinter,Blauwnet,7932,False,False,0,126291496,WDN,Wierden,2024-07-20T09:36:00+02:00,0.0,False,2024-07-20T09:36:00+02:00,0.0,False,False,3,3
14006970,2024-07-20,Stoptrein,Blauwnet,31234,False,False,3,126293032,ODZ,Oldenzaal,,,,2024-07-20T09:33:00+02:00,0.0,False,False,1a,1a
14006970,2024-07-20,Stoptrein,Blauwnet,31234,False,False,0,126293033,HGLO,Hengelo Oost,2024-07-20T09:39:00+02:00,0.0,False,2024-07-20T09:39:00+02:00,0.0,False,False,1,1
14006970,2024-07-20,Stoptrein,Blauwnet,31234,False,False,0,126293034,HGL,Hengelo,2024-07-20T09:43:00+02:00,0.0,False,2024-07-20T09:46:00+02:00,0.0,False,False,2a,2a
14006979,2024-07-20,Sprinter,Blauwnet,7934,False,False,0,126293107,HGL,Hengelo,2024-07-20T09:43:00+02:00,0.0,False,2024-07-20T09:47:00+02:00,0.0,False,False,2b,2b
14006979,2024-07-20,Sprinter,Blauwnet,7934,False,False,0,126293108,BN,Borne,2024-07-20T09:52:00+02:00,0.0,False,2024-07-20T09:52:00+02:00,0.0,False,False,2,2
14006979,2024-07-20,Sprinter,Blauwnet,7934,False,False,0,126293109,AMRI,Almelo de Riet,2024-07-20T09:57:00+02:00,0.0,False,2024-07-20T09:57:00+02:00,0.0,False,False,1,1
14006979,2024-07-20,Sprinter,Blauwnet,7934,False,False,0,126293110,AML,Almelo,2024-07-20T10:00:00+02:00,0.0,False,2024-07-20T10:01:00+02:00,0.0,False,False,4b,4b
14006979,2024-07-20,Sprinter,Blauwnet,7934,False,False,0,126293111,WDN,Wierden,2024-07-20T10:05:00+02:00,0.0,False,2024-07-20T10:07:00+02:00,0.0,False,False,3,3
14007053,2024-07-20,Intercity,NS,1734,False,False,0,126293656,HGL,Hengelo,2024-07-20T09:52:00+02:00,0.0,False,2024-07-20T09:54:00+02:00,0.0,False,False,2,2
14007053,2024-07-20,Intercity,NS,1734,False,False,0,126293657,AML,Almelo,2024-07-20T10:05:00+02:00,0.0,False,2024-07-20T10:06:00+02:00,0.0,False,False,4,4
14007053,2024-07-20,Intercity,NS,1734,False,False,0,126293658,DV,Deventer,2024-07-20T10:30:00+02:00,0.0,False,2024-07-20T10:33:00+02:00,0.0,False,False,4,4
14007053,2024-07-20,Intercity,NS,1734,False,False,0,126293659,APD,Apeldoorn,2024-07-20T10:44:00+02:00,0.0,False,,,,False,4,4
14007111,2024-07-20,Sprinter,NS,7034,False,False,1,126294127,AML,Almelo,,,,2024-07-20T09:53:00+02:00,0.0,False,False,3,3
14007111,2024-07-20,Sprinter,NS,7034,False,False,0,126294128,WDN,Wierden,2024-07-20T09:58:00+02:00,0.0,False,2024-07-20T09:58:00+02:00,0.0,False,False,2,2
14007111,2024-07-20,Sprinter,NS,7034,False,False,0,126294129,RSN,Rijssen,2024-07-20T10:03:00+02:00,0.0,False,2024-07-20T10:03:00+02:00,0.0,False,False,3,3
14007111,2024-07-20,Sprinter,NS,7034,False,False,0,126294130,HON,Holten,2024-07-20T10:09:00+02:00,0.0,False,2024-07-20T10:09:00+02:00,0.0,False,False,2,2
14007111,2024-07-20,Sprinter,NS,7034,False,False,0,126294131,DVC,Deventer Colmschate,2024-07-20T10:19:00+02:00,0.0,False,2024-07-20T10:19:00+02:00,0.0,False,False,1,1
14007111,2024-07-20,Sprinter,NS,7034,False,False,0,126294132,DV,Deventer,2024-07-20T10:24:00+02:00,1.0,False,2024-07-20T10:25:00+02:00,1.0,False,False,4,4
14007111,2024-07-20,Sprinter,NS,7034,False,False,0,126294133,TWL,Twello,2024-07-20T10:30:00+02:00,0.0,False,2024-07-20T10:30:00+02:00,0.0,False,False,2,2
14007111,2024-07-20,Sprinter,NS,7034,False,False,0,126294134,APDO,Apeldoorn Osseveld,2024-07-20T10:36:00+02:00,0.0,False,2024-07-20T10:36:00+02:00,0.0,False,False,2,2
14007111,2024-07-20,Sprinter,NS,7034,False,False,0,126294135,APD,Apeldoorn,2024-07-20T10:40:00+02:00,0.0,False,,,,False,2,2
14361536,2024-09-11,Intercity,NS Int,242,False,False,0,129476125,BH,Bad Bentheim,2024-09-11T07:48:00+02:00,9.0,False,2024-09-11T07:51:00+02:00,9.0,False,False,,
14361536,2024-09-11,Intercity,NS Int,242,False,False,0,129476126,HGL,Hengelo,2024-09-11T08:07:00+02:00,14.0,False,2024-09-11T08:09:00+02:00,14.0,False,False,2,2
14361536,2024-09-11,Intercity,NS Int,242,False,False,0,129476127,DV,Deventer,2024-09-11T08:41:00+02:00,13.0,False,2024-09-11T08:45:00+02:00,12.0,False,True,3,4
14361536,2024-09-11,Intercity,NS Int,242,False,False,0,129476128,APD,Apeldoorn,2024-09-11T08:57:00+02:00,11.0,False,2024-09-11T08:59:00+02:00,12.0,False,False,1,1
14361536,2024-09-11,Intercity,NS Int,242,False,False,0,129476129,AMF,Amersfoort Centraal,2024-09-11T09:24:00+02:00,13.0,False,2024-09-11T09:26:00+02:00,14.0,False,False,7,7
14362354,2024-09-11,Sprinter,Blauwnet,7928,False,False,0,129484388,HGL,Hengelo,2024-09-11T08:13:00+02:00,0.0,False,2024-09-11T08:17:00+02:00,0.0,False,False,2b,2b
14362354,2024-09-11,Sprinter,Blauwnet,7928,False,False,0,129484389,BN,Borne,2024-09-11T08:22:00+02:00,0.0,False,2024-09-11T08:22:00+02:00,0.0,False,False,2,2
14362354,2024-09-11,Sprinter,Blauwnet,7928,False,False,0,129484390,AMRI,Almelo de Riet,2024-09-11T08:27:00+02:00,1.0,False,2024-09-11T08:27:00+02:00,1.0,False,False,1,1
14362354,2024-09-11,Sprinter,Blauwnet,7928,False,False,0,129484391,AML,Almelo,2024-09-11T08:30:00+02:00,1.0,False,2024-09-11T08:31:00+02:00,4.0,False,False,4b,4b
14362354,2024-09-11,Sprinter,Blauwnet,7928,False,False,0,129484392,WDN,Wierden,2024-09-11T08:36:00+02:00,3.0,False,2024-09-11T08:36:00+02:00,3.0,False,False,3,3
14362521,2024-09-11,Intercity,Blauwnet,17930,False,False,0,129486102,HGL,Hengelo,2024-09-11T08:38:00+02:00,0.0,False,2024-09-11T08:39:00+02:00,1.0,False,False,2a,2a
14362521,2024-09-11,Intercity,Blauwnet,17930,False,False,0,129486103,AML,Almelo,2024-09-11T08:49:00+02:00,1.0,False,2024-09-11T08:50:00+02:00,2.0,False,False,4a,4a
14362535,2024-09-11,Stoptrein,Blauwnet,31230,False,False,2,129486213,ODZ,Oldenzaal,,,,2024-09-11T08:33:00+02:00,0.0,False,False,1a,1a
14362535,2024-09-11,Stoptrein,Blauwnet,31230,False,False,0,129486214,HGLO,Hengelo Oost,2024-09-11T08:39:00+02:00,1.0,False,2024-09-11T08:39:00+02:00,1.0,False,False,1,1
14362535,2024-09-11,Stoptrein,Blauwnet,31230,False,False,0,129486215,HGL,Hengelo,2024-09-11T08:43:00+02:00,0.0,False,2024-09-11T08:46:00+02:00,0.0,False,False,2a,2a
14362647,2024-09-11,Sprinter,NS,7032,False,False,0,129487316,HGL,Hengelo,2024-09-11T09:01:00+02:00,1.0,False,2024-09-11T09:02:00+02:00,2.0,False,False,2a,2a
14362647,2024-09-11,Sprinter,NS,7032,False,False,0,129487317,BN,Borne,2024-09-11T09:07:00+02:00,2.0,False,2024-09-11T09:07:00+02:00,2.0,False,False,2,2
14362647,2024-09-11,Sprinter,NS,7032,False,False,0,129487318,AMRI,Almelo de Riet,2024-09-11T09:12:00+02:00,2.0,False,2024-09-11T09:12:00+02:00,2.0,False,False,1,1
14362647,2024-09-11,Sprinter,NS,7032,False,False,0,129487319,AML,Almelo,2024-09-11T09:15:00+02:00,1.0,False,2024-09-11T09:23:00+02:00,0.0,False,False,4b,4b
14362647,2024-09-11,Sprinter,NS,7032,False,False,0,129487320,WDN,Wierden,2024-09-11T09:28:00+02:00,0.0,False,2024-09-11T09:28:00+02:00,0.0,False,False,2,2
14362647,2024-09-11,Sprinter,NS,7032,False,False,0,129487321,RSN,Rijssen,2024-09-11T09:33:00+02:00,1.0,False,2024-09-11T09:33:00+02:00,1.0,False,False,3,3
14362647,2024-09-11,Sprinter,NS,7032,False,False,0,129487322,HON,Holten,2024-09-11T09:39:00+02:00,0.0,False,2024-09-11T09:39:00+02:00,0.0,False,False,2,2
14362647,2024-09-11,Sprinter,NS,7032,False,False,0,129487323,DVC,Deventer Colmschate,2024-09-11T09:49:00+02:00,0.0,False,2024-09-11T09:49:00+02:00,0.0,False,False,1,1
14362647,2024-09-11,Sprinter,NS,7032,False,False,0,129487324,DV,Deventer,2024-09-11T09:54:00+02:00,0.0,False,2024-09-11T09:55:00+02:00,1.0,False,False,4,4
14362647,2024-09-11,Sprinter,NS,7032,False,False,0,129487325,TWL,Twello,2024-09-11T10:00:00+02:00,0.0,False,2024-09-11T10:00:00+02:00,0.0,False,False,2,2
14362647,2024-09-11,Sprinter,NS,7032,False,False,0,129487326,APDO,Apeldoorn Osseveld,2024-09-11T10:06:00+02:00,0.0,False,2024-09-11T10:06:00+02:00,0.0,False,False,2,2
14362647,2024-09-11,Sprinter,NS,7032,False,False,0,129487327,APD,Apeldoorn,2024-09-11T10:10:00+02:00,0.0,False,,,,False,2,2
14362704,2024-09-11,Stoptrein,Blauwnet,31232,False,False,2,129487921,ODZ,Oldenzaal,,,,2024-09-11T09:03:00+02:00,0.0,False,False,1a,1a
14362704,2024-09-11,Stoptrein,Blauwnet,31232,False,False,0,129487922,HGLO,Hengelo Oost,2024-09-11T09:09:00+02:00,1.0,False,2024-09-11T09:09:00+02:00,1.0,False,False,1,1
14362704,2024-09-11,Stoptrein,Blauwnet,31232,False,False,0,129487923,HGL,Hengelo,2024-09-11T09:13:00+02:00,0.0,False,2024-09-11T09:16:00+02:00,0.0,False,False,2a,2a
14362715,2024-09-11,Sprinter,Blauwnet,7932,False,False,0,129488058,HGL,Hengelo,2024-09-11T09:13:00+02:00,0.0,False,2024-09-11T09:17:00+02:00,1.0,False,True,2b,3a
14362715,2024-09-11,Sprinter,Blauwnet,7932,False,False,0,129488059,BN,Borne,2024-09-11T09:22:00+02:00,1.0,False,2024-09-11T09:22:00+02:00,1.0,False,False,2,2
14362715,2024-09-11,Sprinter,Blauwnet,7932,False,False,0,129488060,AMRI,Almelo de Riet,2024-09-11T09:27:00+02:00,3.0,False,2024-09-11T09:27:00+02:00,3.0,False,False,1,1
14362715,2024-09-11,Sprinter,Blauwnet,7932,False,False,0,129488061,AML,Almelo,2024-09-11T09:30:00+02:00,2.0,False,2024-09-11T09:31:00+02:00,4.0,False,False,4b,4b
14362715,2024-09-11,Sprinter,Blauwnet,7932,False,False,0,129488062,WDN,Wierden,2024-09-11T09:36:00+02:00,4.0,False,2024-09-11T09:36:00+02:00,4.0,False,False,3,3
14362819,2024-09-11,Sprinter,RRReis,31418,False,False,0,129489148,BNN,Barneveld Noord,2024-09-11T09:32:00+02:00,0.0,False,2024-09-11T09:33:00+02:00,0.0,False,False,1,1
14362819,2024-09-11,Sprinter,RRReis,31418,False,False,0,129489149,HVL,Hoevelaken,2024-09-11T09:39:00+02:00,0.0,False,2024-09-11T09:40:00+02:00,0.0,False,False,1,1
14362819,2024-09-11,Sprinter,RRReis,31418,False,False,0,129489150,AMF,Amersfoort Centraal,2024-09-11T09:46:00+02:00,0.0,False,,,,False,4b,4b
14362829,2024-09-11,Sprinter,RRReis,31316,False,False,0,129489242,BNN,Barneveld Noord,2024-09-11T09:46:00+02:00,2.0,False,2024-09-11T09:47:00+02:00,2.0,False,False,1,1
14362829,2024-09-11,Sprinter,RRReis,31316,False,False,0,129489243,HVL,Hoevelaken,2024-09-11T09:54:00+02:00,1.0,False,2024-09-11T09:55:00+02:00,1.0,False,False,1,1
14362829,2024-09-11,Sprinter,RRReis,31316,False,False,0,129489244,AMF,Amersfoort Centraal,2024-09-11T10:01:00+02:00,0.0,False,,,,False,4b,4b
14362885,2024-09-11,Stoptrein,Blauwnet,31234,False,False,2,129489817,ODZ,Oldenzaal,,,,2024-09-11T09:33:00+02:00,0.0,False,False,1a,1a
14362885,2024-09-11,Stoptrein,Blauwnet,31234,False,False,0,129489818,HGLO,Hengelo Oost,2024-09-11T09:39:00+02:00,0.0,False,2024-09-11T09:39:00+02:00,0.0,False,False,1,1
14362885,2024-09-11,Stoptrein,Blauwnet,31234,False,False,0,129489819,HGL,Hengelo,2024-09-11T09:43:00+02:00,0.0,False,2024-09-11T09:46:00+02:00,1.0,False,False,2a,2a
14362968,2024-09-11,Intercity,NS,1532,False,False,2,129490692,DV,Deventer,,,,2024-09-11T09:49:00+02:00,0.0,False,True,1,3
14362968,2024-09-11,Intercity,NS,1532,False,False,0,129490693,APD,Apeldoorn,2024-09-11T10:00:00+02:00,2.0,False,2024-09-11T10:00:00+02:00,2.0,False,False,1,1
14362968,2024-09-11,Intercity,NS,1532,False,False,0,129490694,AMF,Amersfoort Centraal,2024-09-11T10:24:00+02:00,1.0,False,2024-09-11T10:26:00+02:00,2.0,False,False,7,7
14362987,2024-09-11,Sprinter,RRReis,31420,False,False,0,129490870,BNN,Barneveld Noord,2024-09-11T10:02:00+02:00,0.0,False,2024-09-11T10:03:00+02:00,0.0,False,False,1,1
14362987,2024-09-11,Sprinter,RRReis,31420,False,False,0,129490871,HVL,Hoevelaken,2024-09-11T10:09:00+02:00,0.0,False,2024-09-11T10:10:00+02:00,1.0,False,False,1,1
14362987,2024-09-11,Sprinter,RRReis,31420,False,False,0,129490872,AMF,Amersfoort Centraal,2024-09-11T10:16:00+02:00,1.0,False,,,,False,4b,4b
14363001,2024-09-11,Sprinter,RRReis,31318,False,False,0,129491012,BNN,Barneveld Noord,2024-09-11T10:16:00+02:00,0.0,False,2024-09-11T10:17:00+02:00,0.0,False,False,1,1
14363001,2024-09-11,Sprinter,RRReis,31318,False,False,0,129491013,HVL,Hoevelaken,2024-09-11T10:24:00+02:00,0.0,False,2024-09-11T10:25:00+02:00,0.0,False,False,1,1
14363001,2024-09-11,Sprinter,RRReis,31318,False,False,0,129491014,AMF,Amersfoort Centraal,2024-09-11T10:31:00+02:00,0.0,False,,,,False,4b,4b
14363155,2024-09-11,Sprinter,RRReis,31422,False,False,0,129492641,BNN,Barneveld Noord,2024-09-11T10:32:00+02:00,1.0,False,2024-09-11T10:33:00+02:00,0.0,False,False,1,1
14363155,2024-09-11,Sprinter,RRReis,31422,False,False,0,129492642,HVL,Hoevelaken,2024-09-11T10:39:00+02:00,0.0,False,2024-09-11T10:40:00+02:00,0.0,False,False,1,1
14363155,2024-09-11,Sprinter,RRReis,31422,False,False,0,129492643,AMF,Amersfoort Centraal,2024-09-11T10:46:00+02:00,0.0,False,,,,False,4b,4b
14363167,2024-09-11,Sprinter,RRReis,31320,False,False,0,129492759,BNN,Barneveld Noord,2024-09-11T10:46:00+02:00,3.0,False,2024-09-11T10:47:00+02:00,3.0,False,False,1,1
14363167,2024-09-11,Sprinter,RRReis,31320,False,False,0,129492760,HVL,Hoevelaken,2024-09-11T10:54:00+02:00,2.0,False,2024-09-11T10:55:00+02:00,2.0,False,False,1,1
14363167,2024-09-11,Sprinter,RRReis,31320,False,False,0,129492761,AMF,Amersfoort Centraal,2024-09-11T11:01:00+02:00,1.0,False,,,,False,4b,4b
14363317,2024-09-11,Sprinter,RRReis,31424,False,False,0,129494305,BNN,Barneveld Noord,2024-09-11T11:02:00+02:00,0.0,False,2024-09-11T11:03:00+02:00,0.0,False,False,1,1
14363317,2024-09-11,Sprinter,RRReis,31424,False,False,0,129494306,HVL,Hoevelaken,2024-09-11T11:09:00+02:00,0.0,False,2024-09-11T11:10:00+02:00,0.0,False,False,1,1
14363317,2024-09-11,Sprinter,RRReis,31424,False,False,0,129494307,AMF,Amersfoort Centraal,2024-09-11T11:16:00+02:00,0.0,False,,,,False,4b,4b
15164301,2025-01-14,Intercity,NS Int,242,False,False,0,136936173,BH,Bad Bentheim,2025-01-14T07:48:00+01:00,9.0,False,2025-01-14T07:51:00+01:00,9.0,False,False,,
15164301,2025-01-14,Intercity,NS Int,242,False,False,0,136936174,HGL,Hengelo,2025-01-14T08:07:00+01:00,14.0,False,2025-01-14T08:09:00+01:00,13.0,False,False,2,2
15164301,2025-01-14,Intercity,NS Int,242,False,False,0,136936175,DV,Deventer,2025-01-14T08:41:00+01:00,15.0,False,2025-01-14T08:47:00+01:00,11.0,False,False,3,3
15164301,2025-01-14,Intercity,NS Int,242,False,False,0,136936176,APD,Apeldoorn,2025-01-14T08:57:00+01:00,11.0,False,2025-01-14T08:59:00+01:00,11.0,False,False,1,1
15164301,2025-01-14,Intercity,NS Int,242,False,False,0,136936177,AMF,Amersfoort Centraal,2025-01-14T09:24:00+01:00,10.0,False,2025-01-14T09:26:00+01:00,10.0,False,False,7,7
15164510,2025-01-14,Intercity,NS,3620,False,False,0,136938251,DV,Deventer,2025-01-14T08:45:00+01:00,2.0,False,2025-01-14T08:46:00+01:00,3.0,False,False,4,4
15164717,2025-01-14,Intercity,NS,3622,False,False,0,136940297,DV,Deventer,2025-01-14T09:15:00+01:00,1.0,False,2025-01-14T09:16:00+01:00,2.0,False,False,4,4
15164919,2025-01-14,Intercity,NS,3624,False,False,0,136942340,DV,Deventer,2025-01-14T09:45:00+01:00,3.0,False,2025-01-14T09:46:00+01:00,4.0,False,False,4,4
15165081,2025-01-14,Sprinter,NS,7028,False,False,0,136943907,HGL,Hengelo,2025-01-14T08:01:00+01:00,0.0,False,2025-01-14T08:02:00+01:00,0.0,False,False,2a,2a
15165081,2025-01-14,Sprinter,NS,7028,False,False,0,136943908,BN,Borne,2025-01-14T08:07:00+01:00,0.0,False,2025-01-14T08:07:00+01:00,0.0,False,False,2,2
15165081,2025-01-14,Sprinter,NS,7028,False,False,0,136943909,AMRI,Almelo de Riet,2025-01-14T08:12:00+01:00,1.0,False,2025-01-14T08:12:00+01:00,1.0,False,False,1,1
15165081,2025-01-14,Sprinter,NS,7028,False,False,0,136943910,AML,Almelo,2025-01-14T08:15:00+01:00,0.0,False,2025-01-14T08:23:00+01:00,0.0,False,False,4b,4b
15165081,2025-01-14,Sprinter,NS,7028,False,False,0,136943911,WDN,Wierden,2025-01-14T08:28:00+01:00,0.0,False,2025-01-14T08:28:00+01:00,0.0,False,False,2,2
15165081,2025-01-14,Sprinter,NS,7028,False,False,0,136943912,RSN,Rijssen,2025-01-14T08:33:00+01:00,2.0,False,2025-01-14T08:33:00+01:00,2.0,False,False,3,3
15165081,2025-01-14,Sprinter,NS,7028,False,False,0,136943913,HON,Holten,2025-01-14T08:39:00+01:00,1.0,False,2025-01-14T08:39:00+01:00,1.0,False,False,2,2
15165081,2025-01-14,Sprinter,NS,7028,False,False,0,136943914,DVC,Deventer Colmschate,2025-01-14T08:49:00+01:00,0.0,False,2025-01-14T08:49:00+01:00,0.0,False,False,1,1
15165081,2025-01-14,Sprinter,NS,7028,False,False,0,136943915,DV,Deventer,2025-01-14T08:54:00+01:00,0.0,False,2025-01-14T08:55:00+01:00,5.0,False,False,4,4
15165081,2025-01-14,Sprinter,NS,7028,False,False,0,136943916,TWL,Twello,2025-01-14T09:00:00+01:00,5.0,False,2025-01-14T09:00:00+01:00,5.0,False,False,2,2
15165081,2025-01-14,Sprinter,NS,7028,False,False,0,136943917,APDO,Apeldoorn Osseveld,2025-01-14T09:05:00+01:00,6.0,False,2025-01-14T09:05:00+01:00,6.0,False,False,2,2
15165081,2025-01-14,Sprinter,NS,7028,False,False,0,136943918,APD,Apeldoorn,2025-01-14T09:10:00+01:00,5.0,False,,,,False,2,2
15165112,2025-01-14,Intercity,NS,3626,False,False,0,136944272,DV,Deventer,2025-01-14T10:15:00+01:00,0.0,False,2025-01-14T10:16:00+01:00,0.0,False,False,4,4
15165138,2025-01-14,Stoptrein,Blauwnet,31228,False,False,2,136944503,ODZ,Oldenzaal,,,,2025-01-14T08:03:00+01:00,1.0,False,False,1b,1b
15165138,2025-01-14,Stoptrein,Blauwnet,31228,False,False,0,136944504,HGLO,Hengelo Oost,2025-01-14T08:09:00+01:00,2.0,False,2025-01-14T08:09:00+01:00,2.0,False,False,1,1
15165138,2025-01-14,Stoptrein,Blauwnet,31228,False,False,0,136944505,HGL,Hengelo,2025-01-14T08:13:00+01:00,2.0,False,2025-01-14T08:16:00+01:00,1.0,False,False,2a,2a
15165152,2025-01-14,Sprinter,Blauwnet,7928,False,False,0,136944676,HGL,Hengelo,2025-01-14T08:13:00+01:00,0.0,False,2025-01-14T08:16:00+01:00,2.0,False,False,2b,2b
15165152,2025-01-14,Sprinter,Blauwnet,7928,False,False,0,136944677,BN,Borne,2025-01-14T08:21:00+01:00,1.0,False,2025-01-14T08:21:00+01:00,1.0,False,False,2,2
15165152,2025-01-14,Sprinter,Blauwnet,7928,False,False,0,136944678,AMRI,Almelo de Riet,2025-01-14T08:26:00+01:00,2.0,False,2025-01-14T08:26:00+01:00,2.0,False,False,1,1
15165152,2025-01-14,Sprinter,Blauwnet,7928,False,False,0,136944679,AML,Almelo,2025-01-14T08:29:00+01:00,1.0,False,2025-01-14T08:30:00+01:00,1.0,False,False,4b,4b
15165152,2025-01-14,Sprinter,Blauwnet,7928,False,False,0,136944680,WDN,Wierden,2025-01-14T08:35:00+01:00,0.0,False,2025-01-14T08:36:00+01:00,0.0,False,False,3,3
15165220,2025-01-14,Intercity,NS,1728,False,False,0,136945388,HGL,Hengelo,2025-01-14T08:23:00+01:00,2.0,False,2025-01-14T08:24:00+01:00,2.0,False,False,2,2
15165220,2025-01-14,Intercity,NS,1728,False,False,0,136945389,AML,Almelo,2025-01-14T08:35:00+01:00,1.0,False,2025-01-14T08:36:00+01:00,2.0,False,False,4,4
15165220,2025-01-14,Intercity,NS,1728,False,False,0,136945390,DV,Deventer,2025-01-14T09:00:00+01:00,3.0,False,2025-01-14T09:03:00+01:00,2.0,False,False,4,4
15165220,2025-01-14,Intercity,NS,1728,False,False,0,136945391,APD,Apeldoorn,2025-01-14T09:13:00+01:00,3.0,False,2025-01-14T09:14:00+01:00,5.0,False,False,1,1
15165220,2025-01-14,Intercity,NS,1728,False,False,0,136945392,AMF,Amersfoort Centraal,2025-01-14T09:38:00+01:00,4.0,False,2025-01-14T09:40:00+01:00,3.0,False,False,6,6
15165273,2025-01-14,Sprinter,NS,7030,False,False,0,136945899,HGL,Hengelo,2025-01-14T08:31:00+01:00,0.0,False,2025-01-14T08:32:00+01:00,0.0,False,False,2a,2a
15165273,2025-01-14,Sprinter,NS,7030,False,False,0,136945900,BN,Borne,2025-01-14T08:37:00+01:00,0.0,False,2025-01-14T08:37:00+01:00,0.0,False,False,2,2
15165273,2025-01-14,Sprinter,NS,7030,False,False,0,136945901,AMRI,Almelo de Riet,2025-01-14T08:42:00+01:00,1.0,False,2025-01-14T08:42:00+01:00,1.0,False,False,1,1
15165273,2025-01-14,Sprinter,NS,7030,False,False,0,136945902,AML,Almelo,2025-01-14T08:45:00+01:00,1.0,False,2025-01-14T08:53:00+01:00,0.0,False,False,4b,4b
15165273,2025-01-14,Sprinter,NS,7030,False,False,0,136945903,WDN,Wierden,2025-01-14T08:58:00+01:00,0.0,False,2025-01-14T08:58:00+01:00,0.0,False,False,2,2
15165273,2025-01-14,Sprinter,NS,7030,False,False,0,136945904,RSN,Rijssen,2025-01-14T09:03:00+01:00,0.0,False,2025-01-14T09:03:00+01:00,0.0,False,False,3,3
15165273,2025-01-14,Sprinter,NS,7030,False,False,0,136945905,HON,Holten,2025-01-14T09:09:00+01:00,0.0,False,2025-01-14T09:09:00+01:00,0.0,False,False,2,2
15165273,2025-01-14,Sprinter,NS,7030,False,False,0,136945906,DVC,Deventer Colmschate,2025-01-14T09:19:00+01:00,0.0,False,2025-01-14T09:19:00+01:00,0.0,False,False,1,1
15165273,2025-01-14,Sprinter,NS,7030,False,False,0,136945907,DV,Deventer,2025-01-14T09:24:00+01:00,0.0,False,2025-01-14T09:25:00+01:00,0.0,False,False,4,4
15165273,2025-01-14,Sprinter,NS,7030,False,False,0,136945908,TWL,Twello,2025-01-14T09:30:00+01:00,0.0,False,2025-01-14T09:30:00+01:00,0.0,False,False,2,2
15165273,2025-01-14,Sprinter,NS,7030,False,False,0,136945909,APDO,Apeldoorn Osseveld,2025-01-14T09:35:00+01:00,1.0,False,2025-01-14T09:35:00+01:00,1.0,False,False,2,2
15165273,2025-01-14,Sprinter,NS,7030,False,False,0,136945910,APD,Apeldoorn,2025-01-14T09:40:00+01:00,0.0,False,,,,False,2,2
15165338,2025-01-14,Stoptrein,Blauwnet,31230,False,False,3,136946578,ODZ,Oldenzaal,,,,2025-01-14T08:33:00+01:00,0.0,False,True,1a,2
15165338,2025-01-14,Stoptrein,Blauwnet,31230,False,False,0,136946579,HGLO,Hengelo Oost,2025-01-14T08:39:00+01:00,1.0,False,2025-01-14T08:39:00+01:00,1.0,False,False,1,1
15165338,2025-01-14,Stoptrein,Blauwnet,31230,False,False,0,136946580,HGL,Hengelo,2025-01-14T08:43:00+01:00,0.0,False,2025-01-14T08:46:00+01:00,2.0,False,False,2a,2a
15165346,2025-01-14,Sprinter,Blauwnet,7930,False,False,0,136946666,HGL,Hengelo,2025-01-14T08:43:00+01:00,0.0,False,2025-01-14T08:46:00+01:00,1.0,False,False,2b,2b
15165346,2025-01-14,Sprinter,Blauwnet,7930,False,False,0,136946667,BN,Borne,2025-01-14T08:51:00+01:00,1.0,False,2025-01-14T08:51:00+01:00,1.0,False,False,2,2
15165346,2025-01-14,Sprinter,Blauwnet,7930,False,False,0,136946668,AMRI,Almelo de Riet,2025-01-14T08:56:00+01:00,1.0,False,2025-01-14T08:56:00+01:00,1.0,False,False,1,1
15165346,2025-01-14,Sprinter,Blauwnet,7930,False,False,0,136946669,AML,Almelo,2025-01-14T08:59:00+01:00,0.0,False,2025-01-14T09:00:00+01:00,0.0,False,False,4b,4b
15165346,2025-01-14,Sprinter,Blauwnet,7930,False,False,0,136946670,WDN,Wierden,2025-01-14T09:05:00+01:00,0.0,False,2025-01-14T09:07:00+01:00,0.0,False,False,3,3
15165406,2025-01-14,Intercity,NS,1730,False,False,0,136947291,HGL,Hengelo,2025-01-14T08:53:00+01:00,0.0,False,2025-01-14T08:54:00+01:00,0.0,False,False,2,2
15165406,2025-01-14,Intercity,NS,1730,False,False,0,136947292,AML,Almelo,2025-01-14T09:05:00+01:00,0.0,False,2025-01-14T09:06:00+01:00,0.0,False,False,4,4
15165406,2025-01-14,Intercity,NS,1730,False,False,0,136947293,DV,Deventer,2025-01-14T09:30:00+01:00,0.0,False,2025-01-14T09:33:00+01:00,0.0,False,False,4,4
15165406,2025-01-14,Intercity,NS,1730,False,False,0,136947294,APD,Apeldoorn,2025-01-14T09:43:00+01:00,0.0,False,2025-01-14T09:44:00+01:00,0.0,False,False,1,1
15165406,2025-01-14,Intercity,NS,1730,False,False,0,136947295,AMF,Amersfoort Centraal,2025-01-14T10:08:00+01:00,0.0,False,2025-01-14T10:10:00+01:00,0.0,False,False,6,6
15165452,2025-01-14,Sprinter,NS,7032,False,False,0,136947703,HGL,Hengelo,2025-01-14T09:01:00+01:00,0.0,False,2025-01-14T09:02:00+01:00,0.0,False,False,2a,2a
15165452,2025-01-14,Sprinter,NS,7032,False,False,0,136947704,BN,Borne,2025-01-14T09:07:00+01:00,0.0,False,2025-01-14T09:07:00+01:00,0.0,False,False,2,2
15165452,2025-01-14,Sprinter,NS,7032,False,False,0,136947705,AMRI,Almelo de Riet,2025-01-14T09:12:00+01:00,1.0,False,2025-01-14T09:12:00+01:00,1.0,False,False,1,1
15165452,2025-01-14,Sprinter,NS,7032,False,False,0,136947706,AML,Almelo,2025-01-14T09:15:00+01:00,0.0,False,2025-01-14T09:23:00+01:00,0.0,False,False,4b,4b
15165452,2025-01-14,Sprinter,NS,7032,False,False,0,136947707,WDN,Wierden,2025-01-14T09:28:00+01:00,0.0,False,2025-01-14T09:28:00+01:00,0.0,False,False,2,2
15165452,2025-01-14,Sprinter,NS,7032,False,False,0,136947708,RSN,Rijssen,2025-01-14T09:33:00+01:00,0.0,False,2025-01-14T09:33:00+01:00,0.0,False,False,3,3
15165452,2025-01-14,Sprinter,NS,7032,False,False,0,136947709,HON,Holten,2025-01-14T09:39:00+01:00,0.0,False,2025-01-14T09:39:00+01:00,0.0,False,False,2,2
15165452,2025-01-14,Sprinter,NS,7032,False,False,0,136947710,DVC,Deventer Colmschate,2025-01-14T09:49:00+01:00,0.0,False,2025-01-14T09:49:00+01:00,0.0,False,False,1,1
15165452,2025-01-14,Sprinter,NS,7032,False,False,0,136947711,DV,Deventer,2025-01-14T09:54:00+01:00,0.0,False,2025-01-14T09:55:00+01:00,0.0,False,False,4,4
15165452,2025-01-14,Sprinter,NS,7032,False,False,0,136947712,TWL,Twello,2025-01-14T10:00:00+01:00,0.0,False,2025-01-14T10:00:00+01:00,0.0,False,False,2,2
15165452,2025-01-14,Sprinter,NS,7032,False,False,0,136947713,APDO,Apeldoorn Osseveld,2025-01-14T10:05:00+01:00,1.0,False,2025-01-14T10:05:00+01:00,1.0,False,False,2,2
15165452,2025-01-14,Sprinter,NS,7032,False,False,0,136947714,APD,Apeldoorn,2025-01-14T10:10:00+01:00,0.0,False,,,,False,2,2
15165460,2025-01-14,Sprinter,RRReis,31314,False,False,0,136947783,BNN,Barneveld Noord,2025-01-14T09:17:00+01:00,0.0,False,2025-01-14T09:17:00+01:00,2.0,False,False,1,1
15165460,2025-01-14,Sprinter,RRReis,31314,False,False,0,136947784,HVL,Hoevelaken,2025-01-14T09:24:00+01:00,1.0,False,2025-01-14T09:24:00+01:00,1.0,False,False,1,1
15165460,2025-01-14,Sprinter,RRReis,31314,False,False,0,136947785,AMF,Amersfoort Centraal,2025-01-14T09:30:00+01:00,0.0,False,,,,False,4b,4b
15165509,2025-01-14,Stoptrein,Blauwnet,31232,False,False,2,136948302,ODZ,Oldenzaal,,,,2025-01-14T09:03:00+01:00,0.0,False,False,1a,1a
15165509,2025-01-14,Stoptrein,Blauwnet,31232,False,False,0,136948303,HGLO,Hengelo Oost,2025-01-14T09:09:00+01:00,1.0,False,2025-01-14T09:09:00+01:00,1.0,False,False,1,1
15165509,2025-01-14,Stoptrein,Blauwnet,31232,False,False,0,136948304,HGL,Hengelo,2025-01-14T09:13:00+01:00,0.0,False,2025-01-14T09:16:00+01:00,1.0,False,False,2a,2a
15165522,2025-01-14,Sprinter,Blauwnet,7932,False,False,0,136948459,HGL,Hengelo,2025-01-14T09:13:00+01:00,0.0,False,2025-01-14T09:16:00+01:00,2.0,False,False,2b,2b
15165522,2025-01-14,Sprinter,Blauwnet,7932,False,False,0,136948460,BN,Borne,2025-01-14T09:21:00+01:00,2.0,False,2025-01-14T09:21:00+01:00,2.0,False,False,2,2
15165522,2025-01-14,Sprinter,Blauwnet,7932,False,False,0,136948461,AMRI,Almelo de Riet,2025-01-14T09:26:00+01:00,2.0,False,2025-01-14T09:26:00+01:00,2.0,False,False,1,1
15165522,2025-01-14,Sprinter,Blauwnet,7932,False,False,0,136948462,AML,Almelo,2025-01-14T09:29:00+01:00,2.0,False,2025-01-14T09:30:00+01:00,2.0,False,False,4b,4b
15165522,2025-01-14,Sprinter,Blauwnet,7932,False,False,0,136948463,WDN,Wierden,2025-01-14T09:35:00+01:00,0.0,False,2025-01-14T09:36:00+01:00,0.0,False,False,3,3
15165587,2025-01-14,Intercity,NS,1732,False,False,0,136949136,HGL,Hengelo,2025-01-14T09:23:00+01:00,0.0,False,2025-01-14T09:24:00+01:00,0.0,False,True,2,2a
15165587,2025-01-14,Intercity,NS,1732,False,False,0,136949137,AML,Almelo,2025-01-14T09:35:00+01:00,0.0,False,2025-01-14T09:36:00+01:00,0.0,False,False,4,4
15165587,2025-01-14,Intercity,NS,1732,False,False,0,136949138,DV,Deventer,2025-01-14T10:00:00+01:00,0.0,False,2025-01-14T10:03:00+01:00,0.0,False,False,4,4
15165587,2025-01-14,Intercity,NS,1732,False,False,0,136949139,APD,Apeldoorn,2025-01-14T10:13:00+01:00,0.0,False,2025-01-14T10:14:00+01:00,1.0,False,False,1,1
15165587,2025-01-14,Intercity,NS,1732,False,False,0,136949140,AMF,Amersfoort Centraal,2025-01-14T10:38:00+01:00,0.0,False,2025-01-14T10:40:00+01:00,0.0,False,False,6,6
15165609,2025-01-14,Intercity,NS,1530,False,False,3,136949335,DV,Deventer,,,,2025-01-14T09:19:00+01:00,3.0,False,False,3,3
15165609,2025-01-14,Intercity,NS,1530,False,False,0,136949336,APD,Apeldoorn,2025-01-14T09:29:00+01:00,1.0,False,2025-01-14T09:30:00+01:00,2.0,False,False,1,1
15165609,2025-01-14,Intercity,NS,1530,False,False,0,136949337,AMF,Amersfoort Centraal,2025-01-14T09:54:00+01:00,0.0,False,2025-01-14T09:56:00+01:00,0.0,False,False,7,7
15165643,2025-01-14,Sprinter,RRReis,31316,False,False,0,136949679,BNN,Barneveld Noord,2025-01-14T09:47:00+01:00,0.0,False,2025-01-14T09:47:00+01:00,1.0,False,False,1,1
15165643,2025-01-14,Sprinter,RRReis,31316,False,False,0,136949680,HVL,Hoevelaken,2025-01-14T09:54:00+01:00,0.0,False,2025-01-14T09:54:00+01:00,0.0,False,False,1,1
15165643,2025-01-14,Sprinter,RRReis,31316,False,False,0,136949681,AMF,Amersfoort Centraal,2025-01-14T10:00:00+01:00,0.0,False,,,,False,4b,4b
15165646,2025-01-14,Sprinter,RRReis,31418,False,False,0,136949706,BNN,Barneveld Noord,2025-01-14T09:32:00+01:00,0.0,False,2025-01-14T09:32:00+01:00,4.0,False,False,1,1
15165646,2025-01-14,Sprinter,RRReis,31418,False,False,0,136949707,HVL,Hoevelaken,2025-01-14T09:39:00+01:00,3.0,False,2025-01-14T09:39:00+01:00,3.0,False,False,1,1
15165646,2025-01-14,Sprinter,RRReis,31418,False,False,0,136949708,AMF,Amersfoort Centraal,2025-01-14T09:45:00+01:00,2.0,False,,,,False,4b,4b
15165693,2025-01-14,Intercity,Blauwnet,17934,False,False,0,136950200,HGL,Hengelo,2025-01-14T09:38:00+01:00,0.0,False,2025-01-14T09:39:00+01:00,0.0,False,False,2b,2b
15165693,2025-01-14,Intercity,Blauwnet,17934,False,False,0,136950201,AML,Almelo,2025-01-14T09:49:00+01:00,0.0,False,2025-01-14T09:50:00+01:00,1.0,False,False,4a,4a
15165707,2025-01-14,Stoptrein,Blauwnet,31234,False,False,1,136950339,ODZ,Oldenzaal,,,,2025-01-14T09:33:00+01:00,0.0,False,False,1a,1a
15165707,2025-01-14,Stoptrein,Blauwnet,31234,False,False,0,136950340,HGLO,Hengelo Oost,2025-01-14T09:39:00+01:00,0.0,False,2025-01-14T09:39:00+01:00,0.0,False,False,1,1
15165707,2025-01-14,Stoptrein,Blauwnet,31234,False,False,0,136950341,HGL,Hengelo,2025-01-14T09:43:00+01:00,0.0,False,2025-01-14T09:46:00+01:00,0.0,False,False,2a,2a
15165719,2025-01-14,Sprinter,Blauwnet,7934,False,False,0,136950472,HGL,Hengelo,2025-01-14T09:43:00+01:00,0.0,False,2025-01-14T09:46:00+01:00,1.0,False,False,2b,2b
15165719,2025-01-14,Sprinter,Blauwnet,7934,False,False,0,136950473,BN,Borne,2025-01-14T09:51:00+01:00,0.0,False,2025-01-14T09:51:00+01:00,0.0,False,False,2,2
15165719,2025-01-14,Sprinter,Blauwnet,7934,False,False,0,136950474,AMRI,Almelo de Riet,2025-01-14T09:56:00+01:00,1.0,False,2025-01-14T09:56:00+01:00,1.0,False,False,1,1
15165719,2025-01-14,Sprinter,Blauwnet,7934,False,False,0,136950475,AML,Almelo,2025-01-14T09:59:00+01:00,0.0,False,2025-01-14T10:00:00+01:00,1.0,False,False,4b,4b
15165719,2025-01-14,Sprinter,Blauwnet,7934,False,False,0,136950476,WDN,Wierden,2025-01-14T10:05:00+01:00,0.0,False,2025-01-14T10:07:00+01:00,0.0,False,False,3,3
15165773,2025-01-14,Intercity,NS,1734,False,False,0,136951031,HGL,Hengelo,2025-01-14T09:52:00+01:00,0.0,False,2025-01-14T09:54:00+01:00,0.0,False,False,2,2
15165773,2025-01-14,Intercity,NS,1734,False,False,0,136951032,AML,Almelo,2025-01-14T10:05:00+01:00,0.0,False,2025-01-14T10:06:00+01:00,0.0,False,False,4,4
15165773,2025-01-14,Intercity,NS,1734,False,False,0,136951033,DV,Deventer,2025-01-14T10:30:00+01:00,0.0,False,2025-01-14T10:33:00+01:00,0.0,False,False,4,4
15165773,2025-01-14,Intercity,NS,1734,False,False,0,136951034,APD,Apeldoorn,2025-01-14T10:43:00+01:00,0.0,False,2025-01-14T10:44:00+01:00,0.0,False,False,1,1
15165773,2025-01-14,Intercity,NS,1734,False,False,0,136951035,AMF,Amersfoort Centraal,2025-01-14T11:08:00+01:00,0.0,False,2025-01-14T11:10:00+01:00,0.0,False,False,6,6
15165788,2025-01-14,Intercity,NS,1532,False,False,0,136951181,DV,Deventer,,,,2025-01-14T09:48:00+01:00,0.0,False,False,1,1
15165788,2025-01-14,Intercity,NS,1532,False,False,0,136951182,APD,Apeldoorn,2025-01-14T09:58:00+01:00,0.0,False,2025-01-14T10:00:00+01:00,0.0,False,False,1,1
15165788,2025-01-14,Intercity,NS,1532,False,False,0,136951183,AMF,Amersfoort Centraal,2025-01-14T10:24:00+01:00,0.0,False,2025-01-14T10:26:00+01:00,0.0,False,False,7,7
15165829,2025-01-14,Sprinter,NS,7034,False,False,4,136951567,AML,Almelo,,,,2025-01-14T09:53:00+01:00,4.0,False,False,,
15165829,2025-01-14,Sprinter,NS,7034,False,False,0,136951568,WDN,Wierden,2025-01-14T09:58:00+01:00,4.0,False,2025-01-14T09:58:00+01:00,4.0,False,False,2,2
15165829,2025-01-14,Sprinter,NS,7034,False,False,0,136951569,RSN,Rijssen,2025-01-14T10:04:00+01:00,3.0,False,2025-01-14T10:04:00+01:00,3.0,False,False,3,3
15165829,2025-01-14,Sprinter,NS,7034,False,False,0,136951570,HON,Holten,2025-01-14T10:09:00+01:00,2.0,False,2025-01-14T10:09:00+01:00,2.0,False,False,2,2
15165829,2025-01-14,Sprinter,NS,7034,False,False,0,136951571,DVC,Deventer Colmschate,2025-01-14T10:19:00+01:00,1.0,False,2025-01-14T10:19:00+01:00,1.0,False,False,1,1
15165829,2025-01-14,Sprinter,NS,7034,False,False,0,136951572,DV,Deventer,2025-01-14T10:24:00+01:00,0.0,False,2025-01-14T10:25:00+01:00,1.0,False,False,4,4
15165829,2025-01-14,Sprinter,NS,7034,False,False,0,136951573,TWL,Twello,2025-01-14T10:30:00+01:00,0.0,False,2025-01-14T10:30:00+01:00,0.0,False,False,2,2
15165829,2025-01-14,Sprinter,NS,7034,False,False,0,136951574,APDO,Apeldoorn Osseveld,2025-01-14T10:35:00+01:00,1.0,False,2025-01-14T10:35:00+01:00,1.0,False,False,2,2
15165829,2025-01-14,Sprinter,NS,7034,False,False,0,136951575,APD,Apeldoorn,2025-01-14T10:40:00+01:00,0.0,False,,,,False,2,2
15165831,2025-01-14,Sprinter,RRReis,31420,False,False,0,136951589,BNN,Barneveld Noord,2025-01-14T10:02:00+01:00,0.0,False,2025-01-14T10:02:00+01:00,1.0,False,False,1,1
15165831,2025-01-14,Sprinter,RRReis,31420,False,False,0,136951590,HVL,Hoevelaken,2025-01-14T10:09:00+01:00,1.0,False,2025-01-14T10:09:00+01:00,1.0,False,False,1,1
15165831,2025-01-14,Sprinter,RRReis,31420,False,False,0,136951591,AMF,Amersfoort Centraal,2025-01-14T10:15:00+01:00,0.0,False,,,,True,4b,4a
15165836,2025-01-14,Sprinter,RRReis,31318,False,False,0,136951633,BNN,Barneveld Noord,2025-01-14T10:17:00+01:00,0.0,False,2025-01-14T10:17:00+01:00,1.0,False,False,1,1
15165836,2025-01-14,Sprinter,RRReis,31318,False,False,0,136951634,HVL,Hoevelaken,2025-01-14T10:24:00+01:00,1.0,False,2025-01-14T10:24:00+01:00,1.0,False,False,1,1
15165836,2025-01-14,Sprinter,RRReis,31318,False,False,0,136951635,AMF,Amersfoort Centraal,2025-01-14T10:30:00+01:00,0.0,False,,,,False,4b,4b
15166011,2025-01-14,Sprinter,RRReis,31422,False,False,0,136953537,BNN,Barneveld Noord,2025-01-14T10:32:00+01:00,0.0,False,2025-01-14T10:32:00+01:00,0.0,False,False,1,1
15166011,2025-01-14,Sprinter,RRReis,31422,False,False,0,136953538,HVL,Hoevelaken,2025-01-14T10:39:00+01:00,0.0,False,2025-01-14T10:39:00+01:00,0.0,False,False,1,1
15166011,2025-01-14,Sprinter,RRReis,31422,False,False,0,136953539,AMF,Amersfoort Centraal,2025-01-14T10:45:00+01:00,0.0,False,,,,False,4b,4b
15166019,2025-01-14,Sprinter,RRReis,31320,False,False,0,136953610,BNN,Barneveld Noord,2025-01-14T10:47:00+01:00,0.0,False,2025-01-14T10:47:00+01:00,0.0,False,False,1,1
15166019,2025-01-14,Sprinter,RRReis,31320,False,False,0,136953611,HVL,Hoevelaken,2025-01-14T10:54:00+01:00,0.0,False,2025-01-14T10:54:00+01:00,0.0,False,False,1,1
15166019,2025-01-14,Sprinter,RRReis,31320,False,False,0,136953612,AMF,Amersfoort Centraal,2025-01-14T11:00:00+01:00,0.0,False,,,,False,4b,4b
15166189,2025-01-14,Sprinter,RRReis,31424,False,False,0,136955359,BNN,Barneveld Noord,2025-01-14T11:02:00+01:00,0.0,False,2025-01-14T11:02:00+01:00,0.0,False,False,1,1
15166189,2025-01-14,Sprinter,RRReis,31424,False,False,0,136955360,HVL,Hoevelaken,2025-01-14T11:09:00+01:00,0.0,False,2025-01-14T11:09:00+01:00,0.0,False,False,1,1
15166189,2025-01-14,Sprinter,RRReis,31424,False,False,0,136955361,AMF,Amersfoort Centraal,2025-01-14T11:15:00+01:00,0.0,False,,,,False,4b,4b
15183963,2025-01-17,Intercity,NS Int,242,False,False,0,137131283,BH,Bad Bentheim,2025-01-17T07:48:00+01:00,8.0,False,2025-01-17T07:51:00+01:00,9.0,False,False,,
15183963,2025-01-17,Intercity,NS Int,242,False,False,0,137131284,HGL,Hengelo,2025-01-17T08:07:00+01:00,13.0,False,2025-01-17T08:09:00+01:00,13.0,False,False,2,2
15183963,2025-01-17,Intercity,NS Int,242,False,False,0,137131285,DV,Deventer,2025-01-17T08:41:00+01:00,20.0,False,2025-01-17T08:47:00+01:00,16.0,False,False,3,3
15183963,2025-01-17,Intercity,NS Int,242,False,False,0,137131286,APD,Apeldoorn,2025-01-17T08:57:00+01:00,18.0,False,2025-01-17T08:59:00+01:00,18.0,False,False,1,1
15183963,2025-01-17,Intercity,NS Int,242,False,False,0,137131287,AMF,Amersfoort Centraal,2025-01-17T09:24:00+01:00,17.0,False,2025-01-17T09:26:00+01:00,17.0,False,True,7,6
15184067,2025-01-17,Stoptrein,Eurobahn,20354,False,False,0,137132350,BH,Bad Bentheim,2025-01-17T08:03:00+01:00,7.0,False,2025-01-17T08:08:00+01:00,5.0,False,False,,
15184067,2025-01-17,Stoptrein,Eurobahn,20354,False,False,0,137132351,ODZ,Oldenzaal,2025-01-17T08:18:00+01:00,4.0,False,2025-01-17T08:18:00+01:00,4.0,False,False,1a,1a
15184067,2025-01-17,Stoptrein,Eurobahn,20354,False,False,0,137132352,HGL,Hengelo,2025-01-17T08:26:00+01:00,3.0,False,,,,False,11,11
15184168,2025-01-17,Intercity,NS,3620,False,False,0,137133319,DV,Deventer,2025-01-17T08:45:00+01:00,9.0,False,2025-01-17T08:46:00+01:00,10.0,False,False,4,4
15184456,2025-01-17,Stoptrein,Eurobahn,20358,False,False,0,137136179,BH,Bad Bentheim,2025-01-17T09:03:00+01:00,6.0,False,2025-01-17T09:08:00+01:00,3.0,False,False,,
15184456,2025-01-17,Stoptrein,Eurobahn,20358,False,False,0,137136180,ODZ,Oldenzaal,2025-01-17T09:18:00+01:00,2.0,False,2025-01-17T09:18:00+01:00,2.0,False,False,1a,1a
15184456,2025-01-17,Stoptrein,Eurobahn,20358,False,False,0,137136181,HGL,Hengelo,2025-01-17T09:26:00+01:00,1.0,False,,,,False,11,11
15184558,2025-01-17,Intercity,NS,3624,False,False,0,137137246,DV,Deventer,2025-01-17T09:45:00+01:00,9.0,False,2025-01-17T09:46:00+01:00,10.0,False,False,4,4
15184706,2025-01-17,Sprinter,NS,7028,False,False,0,137138647,HGL,Hengelo,2025-01-17T08:01:00+01:00,0.0,False,2025-01-17T08:02:00+01:00,0.0,False,False,2a,2a
15184706,2025-01-17,Sprinter,NS,7028,False,False,0,137138648,BN,Borne,2025-01-17T08:07:00+01:00,0.0,False,2025-01-17T08:07:00+01:00,0.0,False,False,2,2
15184706,2025-01-17,Sprinter,NS,7028,False,False,0,137138649,AMRI,Almelo de Riet,2025-01-17T08:12:00+01:00,1.0,False,2025-01-17T08:12:00+01:00,1.0,False,False,1,1
15184706,2025-01-17,Sprinter,NS,7028,False,False,0,137138650,AML,Almelo,2025-01-17T08:15:00+01:00,1.0,False,2025-01-17T08:23:00+01:00,0.0,False,False,4b,4b
15184706,2025-01-17,Sprinter,NS,7028,False,False,0,137138651,WDN,Wierden,2025-01-17T08:28:00+01:00,0.0,False,2025-01-17T08:28:00+01:00,0.0,False,False,2,2
15184706,2025-01-17,Sprinter,NS,7028,False,False,0,137138652,RSN,Rijssen,2025-01-17T08:33:00+01:00,0.0,False,2025-01-17T08:33:00+01:00,0.0,False,False,3,3
15184706,2025-01-17,Sprinter,NS,7028,False,False,0,137138653,HON,Holten,2025-01-17T08:39:00+01:00,0.0,False,2025-01-17T08:39:00+01:00,0.0,False,False,2,2
15184706,2025-01-17,Sprinter,NS,7028,False,False,0,137138654,DVC,Deventer Colmschate,2025-01-17T08:49:00+01:00,0.0,False,2025-01-17T08:49:00+01:00,0.0,False,False,1,1
15184706,2025-01-17,Sprinter,NS,7028,False,False,0,137138655,DV,Deventer,2025-01-17T08:54:00+01:00,3.0,False,2025-01-17T08:55:00+01:00,3.0,False,True,4,3
15184706,2025-01-17,Sprinter,NS,7028,False,False,0,137138656,TWL,Twello,2025-01-17T09:00:00+01:00,3.0,False,2025-01-17T09:00:00+01:00,3.0,False,False,2,2
15184706,2025-01-17,Sprinter,NS,7028,False,False,0,137138657,APDO,Apeldoorn Osseveld,2025-01-17T09:05:00+01:00,4.0,False,2025-01-17T09:05:00+01:00,4.0,False,False,2,2
15184706,2025-01-17,Sprinter,NS,7028,False,False,0,137138658,APD,Apeldoorn,2025-01-17T09:10:00+01:00,4.0,False,,,,False,2,2
15184739,2025-01-17,Intercity,NS,3626,False,False,0,137139039,DV,Deventer,2025-01-17T10:15:00+01:00,3.0,False,2025-01-17T10:16:00+01:00,3.0,False,False,4,4
15184766,2025-01-17,Stoptrein,Blauwnet,31228,False,False,1,137139310,ODZ,Oldenzaal,,,,2025-01-17T08:03:00+01:00,1.0,False,False,1b,1b
15184766,2025-01-17,Stoptrein,Blauwnet,31228,False,False,0,137139311,HGLO,Hengelo Oost,2025-01-17T08:09:00+01:00,1.0,False,2025-01-17T08:09:00+01:00,1.0,False,False,1,1
15184766,2025-01-17,Stoptrein,Blauwnet,31228,False,False,0,137139312,HGL,Hengelo,2025-01-17T08:13:00+01:00,1.0,False,2025-01-17T08:16:00+01:00,0.0,False,False,2a,2a
15184775,2025-01-17,Sprinter,Blauwnet,7928,False,False,0,137139416,HGL,Hengelo,2025-01-17T08:13:00+01:00,0.0,False,2025-01-17T08:16:00+01:00,1.0,False,False,2b,2b
15184775,2025-01-17,Sprinter,Blauwnet,7928,False,False,0,137139417,BN,Borne,2025-01-17T08:21:00+01:00,0.0,False,2025-01-17T08:21:00+01:00,0.0,False,False,2,2
15184775,2025-01-17,Sprinter,Blauwnet,7928,False,False,0,137139418,AMRI,Almelo de Riet,2025-01-17T08:26:00+01:00,3.0,False,2025-01-17T08:26:00+01:00,3.0,False,False,1,1
15184775,2025-01-17,Sprinter,Blauwnet,7928,False,False,0,137139419,AML,Almelo,2025-01-17T08:29:00+01:00,2.0,False,2025-01-17T08:30:00+01:00,2.0,False,False,4b,4b
15184775,2025-01-17,Sprinter,Blauwnet,7928,False,False,0,137139420,WDN,Wierden,2025-01-17T08:35:00+01:00,1.0,False,2025-01-17T08:36:00+01:00,1.0,False,False,3,3
15184841,2025-01-17,Intercity,NS,1728,False,False,0,137140067,HGL,Hengelo,2025-01-17T08:23:00+01:00,1.0,False,2025-01-17T08:24:00+01:00,2.0,False,False,2a,2a
15184841,2025-01-17,Intercity,NS,1728,False,False,0,137140068,AML,Almelo,2025-01-17T08:35:00+01:00,1.0,False,2025-01-17T08:36:00+01:00,3.0,False,False,4b,4b
15184841,2025-01-17,Intercity,NS,1728,False,False,0,137140069,DV,Deventer,2025-01-17T09:00:00+01:00,6.0,False,2025-01-17T09:03:00+01:00,4.0,False,False,3,3
15184841,2025-01-17,Intercity,NS,1728,False,False,0,137140070,APD,Apeldoorn,2025-01-17T09:13:00+01:00,7.0,False,2025-01-17T09:14:00+01:00,8.0,False,False,1,1
15184841,2025-01-17,Intercity,NS,1728,False,False,0,137140071,AMF,Amersfoort Centraal,2025-01-17T09:38:00+01:00,11.0,False,2025-01-17T09:40:00+01:00,11.0,False,False,6,6
15184941,2025-01-17,Intercity,Blauwnet,17930,False,False,0,137141101,HGL,Hengelo,2025-01-17T08:38:00+01:00,1.0,False,2025-01-17T08:39:00+01:00,1.0,False,False,2b,2b
15184941,2025-01-17,Intercity,Blauwnet,17930,False,False,0,137141102,AML,Almelo,2025-01-17T08:49:00+01:00,4.0,False,2025-01-17T08:50:00+01:00,4.0,False,False,4a,4a
15184954,2025-01-17,Stoptrein,Blauwnet,31230,False,False,34,137141211,ODZ,Oldenzaal,,,,2025-01-17T08:33:00+01:00,0.0,False,True,1a,2
15184954,2025-01-17,Stoptrein,Blauwnet,31230,False,False,0,137141212,HGLO,Hengelo Oost,2025-01-17T08:39:00+01:00,0.0,False,2025-01-17T08:39:00+01:00,0.0,False,False,1,1
15184954,2025-01-17,Stoptrein,Blauwnet,31230,False,False,0,137141213,HGL,Hengelo,2025-01-17T08:43:00+01:00,0.0,False,2025-01-17T08:46:00+01:00,1.0,False,False,2a,2a
15184959,2025-01-17,Sprinter,Blauwnet,7930,False,False,0,137141270,HGL,Hengelo,2025-01-17T08:43:00+01:00,0.0,False,2025-01-17T08:46:00+01:00,0.0,False,False,2b,2b
15184959,2025-01-17,Sprinter,Blauwnet,7930,False,False,0,137141271,BN,Borne,2025-01-17T08:51:00+01:00,0.0,False,2025-01-17T08:51:00+01:00,0.0,False,False,2,2
15184959,2025-01-17,Sprinter,Blauwnet,7930,False,False,0,137141272,AMRI,Almelo de Riet,2025-01-17T08:56:00+01:00,0.0,False,2025-01-17T08:56:00+01:00,0.0,False,False,1,1
15184959,2025-01-17,Sprinter,Blauwnet,7930,False,False,0,137141273,AML,Almelo,2025-01-17T08:59:00+01:00,0.0,False,2025-01-17T09:00:00+01:00,0.0,False,False,4b,4b
15184959,2025-01-17,Sprinter,Blauwnet,7930,False,False,0,137141274,WDN,Wierden,2025-01-17T09:05:00+01:00,0.0,False,2025-01-17T09:07:00+01:00,2.0,False,False,3,3
15185067,2025-01-17,Sprinter,NS,7032,False,False,0,137142304,HGL,Hengelo,2025-01-17T09:01:00+01:00,0.0,False,2025-01-17T09:02:00+01:00,3.0,False,False,2a,2a
15185067,2025-01-17,Sprinter,NS,7032,False,False,0,137142305,BN,Borne,2025-01-17T09:07:00+01:00,3.0,False,2025-01-17T09:07:00+01:00,3.0,False,False,2,2
15185067,2025-01-17,Sprinter,NS,7032,False,False,0,137142306,AMRI,Almelo de Riet,2025-01-17T09:12:00+01:00,3.0,False,2025-01-17T09:12:00+01:00,3.0,False,False,1,1
15185067,2025-01-17,Sprinter,NS,7032,False,False,0,137142307,AML,Almelo,2025-01-17T09:15:00+01:00,3.0,False,2025-01-17T09:23:00+01:00,0.0,False,True,4b,2b
15185067,2025-01-17,Sprinter,NS,7032,False,False,0,137142308,WDN,Wierden,2025-01-17T09:28:00+01:00,0.0,False,2025-01-17T09:28:00+01:00,0.0,False,False,2,2
15185067,2025-01-17,Sprinter,NS,7032,False,False,0,137142309,RSN,Rijssen,2025-01-17T09:33:00+01:00,0.0,False,2025-01-17T09:33:00+01:00,0.0,False,False,3,3
15185067,2025-01-17,Sprinter,NS,7032,False,False,0,137142310,HON,Holten,2025-01-17T09:39:00+01:00,0.0,False,2025-01-17T09:39:00+01:00,0.0,False,False,2,2
15185067,2025-01-17,Sprinter,NS,7032,False,False,0,137142311,DVC,Deventer Colmschate,2025-01-17T09:49:00+01:00,0.0,False,2025-01-17T09:49:00+01:00,0.0,False,False,1,1
15185067,2025-01-17,Sprinter,NS,7032,False,False,0,137142312,DV,Deventer,2025-01-17T09:54:00+01:00,4.0,False,2025-01-17T09:55:00+01:00,5.0,False,False,4,4
15185067,2025-01-17,Sprinter,NS,7032,False,False,0,137142313,TWL,Twello,2025-01-17T10:00:00+01:00,5.0,False,2025-01-17T10:00:00+01:00,5.0,False,False,2,2
15185067,2025-01-17,Sprinter,NS,7032,False,False,0,137142314,APDO,Apeldoorn Osseveld,2025-01-17T10:05:00+01:00,6.0,False,2025-01-17T10:05:00+01:00,6.0,False,False,2,2
15185067,2025-01-17,Sprinter,NS,7032,False,False,0,137142315,APD,Apeldoorn,2025-01-17T10:10:00+01:00,4.0,False,,,,False,2,2
15185079,2025-01-17,Sprinter,RRReis,31314,False,False,0,137142424,BNN,Barneveld Noord,2025-01-17T09:17:00+01:00,0.0,False,2025-01-17T09:17:00+01:00,1.0,False,False,1,1
15185079,2025-01-17,Sprinter,RRReis,31314,False,False,0,137142425,HVL,Hoevelaken,2025-01-17T09:24:00+01:00,1.0,False,2025-01-17T09:24:00+01:00,1.0,False,False,1,1
15185079,2025-01-17,Sprinter,RRReis,31314,False,False,0,137142426,AMF,Amersfoort Centraal,2025-01-17T09:30:00+01:00,0.0,False,,,,False,4b,4b
15185123,2025-01-17,Stoptrein,Blauwnet,31232,False,False,9,137142899,ODZ,Oldenzaal,,,,2025-01-17T09:03:00+01:00,0.0,False,False,1a,1a
15185123,2025-01-17,Stoptrein,Blauwnet,31232,False,False,0,137142900,HGLO,Hengelo Oost,2025-01-17T09:09:00+01:00,1.0,False,2025-01-17T09:09:00+01:00,1.0,False,False,1,1
15185123,2025-01-17,Stoptrein,Blauwnet,31232,False,False,0,137142901,HGL,Hengelo,2025-01-17T09:13:00+01:00,0.0,False,2025-01-17T09:16:00+01:00,0.0,False,False,2a,2a
15185133,2025-01-17,Sprinter,Blauwnet,7932,False,False,0,137143011,HGL,Hengelo,2025-01-17T09:13:00+01:00,0.0,False,2025-01-17T09:16:00+01:00,0.0,False,False,2b,2b
15185133,2025-01-17,Sprinter,Blauwnet,7932,False,False,0,137143012,BN,Borne,2025-01-17T09:21:00+01:00,0.0,False,2025-01-17T09:21:00+01:00,0.0,False,False,2,2
15185133,2025-01-17,Sprinter,Blauwnet,7932,False,False,0,137143013,AMRI,Almelo de Riet,2025-01-17T09:26:00+01:00,0.0,False,2025-01-17T09:26:00+01:00,0.0,False,False,1,1
15185133,2025-01-17,Sprinter,Blauwnet,7932,False,False,0,137143014,AML,Almelo,2025-01-17T09:29:00+01:00,0.0,False,2025-01-17T09:30:00+01:00,0.0,False,False,4b,4b
15185133,2025-01-17,Sprinter,Blauwnet,7932,False,False,0,137143015,WDN,Wierden,2025-01-17T09:35:00+01:00,0.0,False,2025-01-17T09:36:00+01:00,0.0,False,False,3,3
15185198,2025-01-17,Intercity,NS,1732,False,False,0,137143679,HGL,Hengelo,2025-01-17T09:23:00+01:00,0.0,False,2025-01-17T09:24:00+01:00,0.0,False,False,2,2
15185198,2025-01-17,Intercity,NS,1732,False,False,0,137143680,AML,Almelo,2025-01-17T09:35:00+01:00,0.0,False,2025-01-17T09:36:00+01:00,0.0,False,False,4,4
15185198,2025-01-17,Intercity,NS,1732,False,False,0,137143681,DV,Deventer,2025-01-17T10:00:00+01:00,2.0,False,2025-01-17T10:03:00+01:00,3.0,False,False,4,4
15185198,2025-01-17,Intercity,NS,1732,False,False,0,137143682,APD,Apeldoorn,2025-01-17T10:13:00+01:00,3.0,False,2025-01-17T10:14:00+01:00,3.0,False,False,1,1
15185198,2025-01-17,Intercity,NS,1732,False,False,0,137143683,AMF,Amersfoort Centraal,2025-01-17T10:38:00+01:00,2.0,False,2025-01-17T10:40:00+01:00,2.0,False,False,6,6
15185217,2025-01-17,Intercity,NS,1530,False,False,9,137143855,DV,Deventer,,,,2025-01-17T09:19:00+01:00,0.0,False,False,3,3
15185217,2025-01-17,Intercity,NS,1530,False,False,0,137143856,APD,Apeldoorn,2025-01-17T09:29:00+01:00,0.0,False,2025-01-17T09:30:00+01:00,0.0,False,False,1,1
15185217,2025-01-17,Intercity,NS,1530,False,False,0,137143857,AMF,Amersfoort Centraal,2025-01-17T09:54:00+01:00,2.0,False,2025-01-17T09:56:00+01:00,1.0,False,False,7,7
15185249,2025-01-17,Sprinter,RRReis,31316,False,False,0,137144164,BNN,Barneveld Noord,2025-01-17T09:47:00+01:00,0.0,False,2025-01-17T09:47:00+01:00,1.0,False,False,1,1
15185249,2025-01-17,Sprinter,RRReis,31316,False,False,0,137144165,HVL,Hoevelaken,2025-01-17T09:54:00+01:00,0.0,False,2025-01-17T09:54:00+01:00,0.0,False,False,1,1
15185249,2025-01-17,Sprinter,RRReis,31316,False,False,0,137144166,AMF,Amersfoort Centraal,2025-01-17T10:00:00+01:00,0.0,False,,,,False,4b,4b
15185253,2025-01-17,Sprinter,RRReis,31418,False,False,0,137144205,BNN,Barneveld Noord,2025-01-17T09:32:00+01:00,0.0,False,2025-01-17T09:33:00+01:00,0.0,False,False,1,1
15185253,2025-01-17,Sprinter,RRReis,31418,False,False,0,137144206,HVL,Hoevelaken,2025-01-17T09:40:00+01:00,0.0,False,2025-01-17T09:40:00+01:00,0.0,False,False,1,1
15185253,2025-01-17,Sprinter,RRReis,31418,False,False,0,137144207,AMF,Amersfoort Centraal,2025-01-17T09:45:00+01:00,0.0,False,,,,False,4b,4b
15185297,2025-01-17,Intercity,Blauwnet,17934,False,False,0,137144679,HGL,Hengelo,2025-01-17T09:38:00+01:00,0.0,False,2025-01-17T09:39:00+01:00,0.0,False,False,2b,2b
15185297,2025-01-17,Intercity,Blauwnet,17934,False,False,0,137144680,AML,Almelo,2025-01-17T09:49:00+01:00,0.0,False,2025-01-17T09:50:00+01:00,0.0,False,False,4a,4a
15185305,2025-01-17,Stoptrein,Blauwnet,31234,False,False,6,137144733,ODZ,Oldenzaal,,,,2025-01-17T09:33:00+01:00,0.0,False,False,1a,1a
15185305,2025-01-17,Stoptrein,Blauwnet,31234,False,False,0,137144734,HGLO,Hengelo Oost,2025-01-17T09:39:00+01:00,1.0,False,2025-01-17T09:39:00+01:00,1.0,False,False,1,1
15185305,2025-01-17,Stoptrein,Blauwnet,31234,False,False,0,137144735,HGL,Hengelo,2025-01-17T09:43:00+01:00,0.0,False,2025-01-17T09:46:00+01:00,4.0,False,False,2a,2a
15185314,2025-01-17,Sprinter,Blauwnet,7934,False,False,0,137144831,HGL,Hengelo,2025-01-17T09:43:00+01:00,0.0,False,2025-01-17T09:46:00+01:00,0.0,False,False,2b,2b
15185314,2025-01-17,Sprinter,Blauwnet,7934,False,False,0,137144832,BN,Borne,2025-01-17T09:51:00+01:00,0.0,False,2025-01-17T09:51:00+01:00,0.0,False,False,2,2
15185314,2025-01-17,Sprinter,Blauwnet,7934,False,False,0,137144833,AMRI,Almelo de Riet,2025-01-17T09:56:00+01:00,0.0,False,2025-01-17T09:56:00+01:00,0.0,False,False,1,1
15185314,2025-01-17,Sprinter,Blauwnet,7934,False,False,0,137144834,AML,Almelo,2025-01-17T09:59:00+01:00,0.0,False,2025-01-17T10:00:00+01:00,1.0,False,False,4b,4b
15185314,2025-01-17,Sprinter,Blauwnet,7934,False,False,0,137144835,WDN,Wierden,2025-01-17T10:05:00+01:00,1.0,False,2025-01-17T10:07:00+01:00,2.0,False,False,3,3
15185368,2025-01-17,Intercity,NS,1734,False,False,0,137145381,HGL,Hengelo,2025-01-17T09:52:00+01:00,2.0,False,2025-01-17T09:54:00+01:00,2.0,False,False,2,2
15185368,2025-01-17,Intercity,NS,1734,False,False,0,137145382,AML,Almelo,2025-01-17T10:05:00+01:00,1.0,False,2025-01-17T10:06:00+01:00,1.0,False,False,4,4
15185368,2025-01-17,Intercity,NS,1734,False,False,0,137145383,DV,Deventer,2025-01-17T10:30:00+01:00,0.0,False,2025-01-17T10:33:00+01:00,0.0,False,False,4,4
15185368,2025-01-17,Intercity,NS,1734,False,False,0,137145384,APD,Apeldoorn,2025-01-17T10:43:00+01:00,0.0,False,2025-01-17T10:44:00+01:00,0.0,False,False,1,1
15185368,2025-01-17,Intercity,NS,1734,False,False,0,137145385,AMF,Amersfoort Centraal,2025-01-17T11:08:00+01:00,0.0,False,2025-01-17T11:10:00+01:00,0.0,False,False,6,6
15185379,2025-01-17,Intercity,NS,1532,False,False,5,137145463,DV,Deventer,,,,2025-01-17T09:48:00+01:00,0.0,False,False,1,1
15185379,2025-01-17,Intercity,NS,1532,False,False,0,137145464,APD,Apeldoorn,2025-01-17T09:58:00+01:00,0.0,False,2025-01-17T10:00:00+01:00,0.0,False,False,1,1
15185379,2025-01-17,Intercity,NS,1532,False,False,0,137145465,AMF,Amersfoort Centraal,2025-01-17T10:24:00+01:00,5.0,False,2025-01-17T10:26:00+01:00,4.0,False,False,7,7
15185421,2025-01-17,Sprinter,NS,7034,False,False,0,137145838,AML,Almelo,,,,2025-01-17T09:53:00+01:00,0.0,False,False,,
15185421,2025-01-17,Sprinter,NS,7034,False,False,0,137145839,WDN,Wierden,2025-01-17T09:58:00+01:00,0.0,False,2025-01-17T09:58:00+01:00,0.0,False,False,2,2
15185421,2025-01-17,Sprinter,NS,7034,False,False,0,137145840,RSN,Rijssen,2025-01-17T10:04:00+01:00,0.0,False,2025-01-17T10:04:00+01:00,0.0,False,False,3,3
15185421,2025-01-17,Sprinter,NS,7034,False,False,0,137145841,HON,Holten,2025-01-17T10:09:00+01:00,0.0,False,2025-01-17T10:09:00+01:00,0.0,False,False,2,2
15185421,2025-01-17,Sprinter,NS,7034,False,False,0,137145842,DVC,Deventer Colmschate,2025-01-17T10:19:00+01:00,0.0,False,2025-01-17T10:19:00+01:00,0.0,False,False,1,1
15185421,2025-01-17,Sprinter,NS,7034,False,False,0,137145843,DV,Deventer,2025-01-17T10:24:00+01:00,0.0,False,2025-01-17T10:25:00+01:00,0.0,False,False,4,4
15185421,2025-01-17,Sprinter,NS,7034,False,False,0,137145844,TWL,Twello,2025-01-17T10:30:00+01:00,0.0,False,2025-01-17T10:30:00+01:00,0.0,False,False,2,2
15185421,2025-01-17,Sprinter,NS,7034,False,False,0,137145845,APDO,Apeldoorn Osseveld,2025-01-17T10:35:00+01:00,0.0,False,2025-01-17T10:35:00+01:00,0.0,False,False,2,2
15185421,2025-01-17,Sprinter,NS,7034,False,False,0,137145846,APD,Apeldoorn,2025-01-17T10:40:00+01:00,0.0,False,,,,False,2,2
15185425,2025-01-17,Sprinter,RRReis,31420,False,False,0,137145885,BNN,Barneveld Noord,2025-01-17T10:02:00+01:00,0.0,False,2025-01-17T10:02:00+01:00,0.0,False,False,1,1
15185425,2025-01-17,Sprinter,RRReis,31420,False,False,0,137145886,HVL,Hoevelaken,2025-01-17T10:09:00+01:00,0.0,False,2025-01-17T10:09:00+01:00,0.0,False,False,1,1
15185425,2025-01-17,Sprinter,RRReis,31420,False,False,0,137145887,AMF,Amersfoort Centraal,2025-01-17T10:15:00+01:00,0.0,False,,,,False,4b,4b
15185428,2025-01-17,Sprinter,RRReis,31318,False,False,0,137145922,BNN,Barneveld Noord,2025-01-17T10:17:00+01:00,0.0,False,2025-01-17T10:17:00+01:00,1.0,False,False,1,1
15185428,2025-01-17,Sprinter,RRReis,31318,False,False,0,137145923,HVL,Hoevelaken,2025-01-17T10:24:00+01:00,1.0,False,2025-01-17T10:24:00+01:00,1.0,False,False,1,1
15185428,2025-01-17,Sprinter,RRReis,31318,False,False,0,137145924,AMF,Amersfoort Centraal,2025-01-17T10:30:00+01:00,1.0,False,,,,False,4b,4b
15185594,2025-01-17,Sprinter,RRReis,31320,False,False,0,137147610,BNN,Barneveld Noord,2025-01-17T10:47:00+01:00,0.0,False,2025-01-17T10:47:00+01:00,0.0,False,False,1,1
15185594,2025-01-17,Sprinter,RRReis,31320,False,False,0,137147611,HVL,Hoevelaken,2025-01-17T10:54:00+01:00,0.0,False,2025-01-17T10:54:00+01:00,0.0,False,False,1,1
15185594,2025-01-17,Sprinter,RRReis,31320,False,False,0,137147612,AMF,Amersfoort Centraal,2025-01-17T11:00:00+01:00,0.0,False,,,,False,4b,4b
15185596,2025-01-17,Sprinter,RRReis,31422,False,False,0,137147624,BNN,Barneveld Noord,2025-01-17T10:32:00+01:00,0.0,False,2025-01-17T10:32:00+01:00,0.0,False,False,1,1
15185596,2025-01-17,Sprinter,RRReis,31422,False,False,0,137147625,HVL,Hoevelaken,2025-01-17T10:39:00+01:00,1.0,False,2025-01-17T10:39:00+01:00,1.0,False,False,1,1
15185596,2025-01-17,Sprinter,RRReis,31422,False,False,0,137147626,AMF,Amersfoort Centraal,2025-01-17T10:45:00+01:00,0.0,False,,,,False,4b,4b
15185765,2025-01-17,Sprinter,RRReis,31424,False,False,0,137149300,BNN,Barneveld Noord,2025-01-17T11:02:00+01:00,0.0,False,2025-01-17T11:02:00+01:00,1.0,False,False,1,1
15185765,2025-01-17,Sprinter,RRReis,31424,False,False,0,137149301,HVL,Hoevelaken,2025-01-17T11:09:00+01:00,0.0,False,2025-01-17T11:09:00+01:00,0.0,False,False,1,1
15185765,2025-01-17,Sprinter,RRReis,31424,False,False,0,137149302,AMF,Amersfoort Centraal,2025-01-17T11:15:00+01:00,0.0,False,,,,False,4b,4b
16078327,2025-05-30,Intercity,NS Int,242,False,False,0,145277146,BH,Bad Bentheim,2025-05-30T07:48:00+02:00,10.0,False,2025-05-30T07:51:00+02:00,9.0,False,False,,
16078327,2025-05-30,Intercity,NS Int,242,False,False,0,145277147,HGL,Hengelo,2025-05-30T08:07:00+02:00,11.0,False,2025-05-30T08:09:00+02:00,11.0,False,False,2,2
16078327,2025-05-30,Intercity,NS Int,242,False,False,0,145277148,DV,Deventer,2025-05-30T08:41:00+02:00,15.0,False,2025-05-30T08:47:00+02:00,10.0,False,False,4,4
16078327,2025-05-30,Intercity,NS Int,242,False,False,0,145277149,APD,Apeldoorn,2025-05-30T08:57:00+02:00,9.0,False,2025-05-30T08:59:00+02:00,8.0,False,False,1,1
16078327,2025-05-30,Intercity,NS Int,242,False,False,0,145277150,AMF,Amersfoort Centraal,2025-05-30T09:24:00+02:00,5.0,False,2025-05-30T09:26:00+02:00,4.0,False,True,7,6
16078434,2025-05-30,Stoptrein,Eurobahn,20354,False,False,0,145278136,BH,Bad Bentheim,2025-05-30T08:03:00+02:00,5.0,False,2025-05-30T08:08:00+02:00,2.0,False,False,,
16078434,2025-05-30,Stoptrein,Eurobahn,20354,False,False,0,145278137,ODZ,Oldenzaal,2025-05-30T08:18:00+02:00,1.0,False,2025-05-30T08:18:00+02:00,1.0,False,False,1a,1a
16078434,2025-05-30,Stoptrein,Eurobahn,20354,False,False,0,145278138,HGL,Hengelo,2025-05-30T08:26:00+02:00,0.0,False,,,,False,11,11
16078548,2025-05-30,Intercity,NS,3620,False,False,0,145279088,DV,Deventer,2025-05-30T08:45:00+02:00,0.0,False,,,,False,3,3
16078750,2025-05-30,Intercity,NS,3622,False,False,0,145280865,DV,Deventer,2025-05-30T09:15:00+02:00,0.0,False,,,,False,3,3
16078842,2025-05-30,Stoptrein,Eurobahn,20358,False,False,0,145281663,BH,Bad Bentheim,2025-05-30T09:03:00+02:00,3.0,False,2025-05-30T09:08:00+02:00,0.0,False,False,,
16078842,2025-05-30,Stoptrein,Eurobahn,20358,False,False,0,145281664,ODZ,Oldenzaal,2025-05-30T09:18:00+02:00,0.0,False,2025-05-30T09:18:00+02:00,0.0,False,False,1a,1a
16078842,2025-05-30,Stoptrein,Eurobahn,20358,False,False,0,145281665,HGL,Hengelo,2025-05-30T09:26:00+02:00,0.0,False,,,,False,11,11
16078948,2025-05-30,Intercity,NS,3624,False,False,0,145282634,DV,Deventer,2025-05-30T09:45:00+02:00,1.0,False,,,,False,3,3
16079106,2025-05-30,Sprinter,NS,7028,False,False,0,145283936,HGL,Hengelo,2025-05-30T08:01:00+02:00,0.0,False,2025-05-30T08:02:00+02:00,0.0,False,False,2a,2a
16079106,2025-05-30,Sprinter,NS,7028,False,False,0,145283937,BN,Borne,2025-05-30T08:07:00+02:00,0.0,False,2025-05-30T08:07:00+02:00,0.0,False,False,2,2
16079106,2025-05-30,Sprinter,NS,7028,False,False,0,145283938,AMRI,Almelo de Riet,2025-05-30T08:12:00+02:00,0.0,False,2025-05-30T08:12:00+02:00,0.0,False,False,1,1
16079106,2025-05-30,Sprinter,NS,7028,False,False,0,145283939,AML,Almelo,2025-05-30T08:15:00+02:00,0.0,False,2025-05-30T08:23:00+02:00,0.0,False,False,4b,4b
16079106,2025-05-30,Sprinter,NS,7028,False,False,0,145283940,WDN,Wierden,2025-05-30T08:28:00+02:00,0.0,False,2025-05-30T08:28:00+02:00,0.0,False,False,2,2
16079106,2025-05-30,Sprinter,NS,7028,False,False,0,145283941,RSN,Rijssen,2025-05-30T08:33:00+02:00,0.0,False,2025-05-30T08:33:00+02:00,0.0,False,False,3,3
16079106,2025-05-30,Sprinter,NS,7028,False,False,0,145283942,HON,Holten,2025-05-30T08:39:00+02:00,0.0,False,2025-05-30T08:39:00+02:00,0.0,False,False,2,2
16079106,2025-05-30,Sprinter,NS,7028,False,False,0,145283943,DVC,Deventer Colmschate,2025-05-30T08:49:00+02:00,0.0,False,2025-05-30T08:49:00+02:00,0.0,False,False,1,1
16079106,2025-05-30,Sprinter,NS,7028,False,False,0,145283944,DV,Deventer,2025-05-30T08:54:00+02:00,0.0,False,2025-05-30T08:55:00+02:00,4.0,False,True,4,1
16079106,2025-05-30,Sprinter,NS,7028,False,False,0,145283945,TWL,Twello,2025-05-30T09:00:00+02:00,4.0,False,2025-05-30T09:00:00+02:00,4.0,False,False,2,2
16079106,2025-05-30,Sprinter,NS,7028,False,False,0,145283946,APDO,Apeldoorn Osseveld,2025-05-30T09:05:00+02:00,3.0,False,2025-05-30T09:05:00+02:00,3.0,False,False,2,2
16079106,2025-05-30,Sprinter,NS,7028,False,False,0,145283947,APD,Apeldoorn,2025-05-30T09:10:00+02:00,2.0,False,,,,False,2,2
16079143,2025-05-30,Intercity,NS,3626,False,False,0,145284319,DV,Deventer,2025-05-30T10:15:00+02:00,0.0,False,,,,False,3,3
16079178,2025-05-30,Sprinter,Blauwnet,7928,False,False,0,145284632,HGL,Hengelo,2025-05-30T08:13:00+02:00,0.0,False,2025-05-30T08:16:00+02:00,0.0,False,False,2b,2b
16079178,2025-05-30,Sprinter,Blauwnet,7928,False,False,0,145284633,BN,Borne,2025-05-30T08:21:00+02:00,0.0,False,2025-05-30T08:21:00+02:00,0.0,False,False,2,2
16079178,2025-05-30,Sprinter,Blauwnet,7928,False,False,0,145284634,AMRI,Almelo de Riet,2025-05-30T08:26:00+02:00,0.0,False,2025-05-30T08:26:00+02:00,0.0,False,False,1,1
16079178,2025-05-30,Sprinter,Blauwnet,7928,False,False,0,145284635,AML,Almelo,2025-05-30T08:29:00+02:00,0.0,False,2025-05-30T08:30:00+02:00,0.0,False,False,4b,4b
16079178,2025-05-30,Sprinter,Blauwnet,7928,False,False,0,145284636,WDN,Wierden,2025-05-30T08:34:00+02:00,0.0,False,2025-05-30T08:36:00+02:00,0.0,False,False,3,3
16079255,2025-05-30,Intercity,NS,1728,False,False,0,145285296,HGL,Hengelo,2025-05-30T08:23:00+02:00,0.0,False,2025-05-30T08:24:00+02:00,0.0,False,True,2a,2
16079255,2025-05-30,Intercity,NS,1728,False,False,0,145285297,AML,Almelo,2025-05-30T08:35:00+02:00,0.0,False,2025-05-30T08:36:00+02:00,0.0,False,False,4,4
16079255,2025-05-30,Intercity,NS,1728,False,False,0,145285298,DV,Deventer,2025-05-30T09:00:00+02:00,0.0,False,2025-05-30T09:03:00+02:00,0.0,False,False,4,4
16079255,2025-05-30,Intercity,NS,1728,False,False,0,145285299,APD,Apeldoorn,2025-05-30T09:13:00+02:00,0.0,False,2025-05-30T09:14:00+02:00,0.0,False,False,1,1
16079255,2025-05-30,Intercity,NS,1728,False,False,0,145285300,AMF,Amersfoort Centraal,2025-05-30T09:38:00+02:00,0.0,False,2025-05-30T09:40:00+02:00,0.0,False,False,6,6
16079309,2025-05-30,Sprinter,NS,7030,False,False,0,145285755,HGL,Hengelo,2025-05-30T08:31:00+02:00,0.0,False,2025-05-30T08:32:00+02:00,0.0,False,False,2a,2a
16079309,2025-05-30,Sprinter,NS,7030,False,False,0,145285756,BN,Borne,2025-05-30T08:37:00+02:00,0.0,False,2025-05-30T08:37:00+02:00,0.0,False,False,2,2
16079309,2025-05-30,Sprinter,NS,7030,False,False,0,145285757,AMRI,Almelo de Riet,2025-05-30T08:42:00+02:00,0.0,False,2025-05-30T08:42:00+02:00,0.0,False,False,1,1
16079309,2025-05-30,Sprinter,NS,7030,False,False,0,145285758,AML,Almelo,2025-05-30T08:45:00+02:00,0.0,False,2025-05-30T08:53:00+02:00,3.0,False,False,4b,4b
16079309,2025-05-30,Sprinter,NS,7030,False,False,0,145285759,WDN,Wierden,2025-05-30T08:58:00+02:00,2.0,False,2025-05-30T08:58:00+02:00,2.0,False,False,2,2
16079309,2025-05-30,Sprinter,NS,7030,False,False,0,145285760,RSN,Rijssen,2025-05-30T09:03:00+02:00,2.0,False,2025-05-30T09:03:00+02:00,2.0,False,False,3,3
16079309,2025-05-30,Sprinter,NS,7030,False,False,0,145285761,HON,Holten,2025-05-30T09:09:00+02:00,2.0,False,2025-05-30T09:09:00+02:00,2.0,False,False,2,2
16079309,2025-05-30,Sprinter,NS,7030,False,False,0,145285762,DVC,Deventer Colmschate,2025-05-30T09:19:00+02:00,0.0,False,2025-05-30T09:19:00+02:00,0.0,False,False,1,1
16079309,2025-05-30,Sprinter,NS,7030,False,False,0,145285763,DV,Deventer,2025-05-30T09:24:00+02:00,0.0,False,2025-05-30T09:25:00+02:00,0.0,False,False,4,4
16079309,2025-05-30,Sprinter,NS,7030,False,False,0,145285764,TWL,Twello,2025-05-30T09:30:00+02:00,0.0,False,2025-05-30T09:30:00+02:00,0.0,False,False,2,2
16079309,2025-05-30,Sprinter,NS,7030,False,False,0,145285765,APDO,Apeldoorn Osseveld,2025-05-30T09:35:00+02:00,0.0,False,2025-05-30T09:35:00+02:00,0.0,False,False,2,2
16079309,2025-05-30,Sprinter,NS,7030,False,False,0,145285766,APD,Apeldoorn,2025-05-30T09:40:00+02:00,0.0,False,,,,False,2,2
16079362,2025-05-30,Intercity,Blauwnet,17930,False,False,0,145286249,HGL,Hengelo,2025-05-30T08:38:00+02:00,0.0,False,2025-05-30T08:39:00+02:00,0.0,False,False,2b,2b
16079362,2025-05-30,Intercity,Blauwnet,17930,False,False,0,145286250,AML,Almelo,2025-05-30T08:49:00+02:00,0.0,False,2025-05-30T08:50:00+02:00,0.0,False,False,4a,4a
16079368,2025-05-30,Stoptrein,Blauwnet,31230,False,False,1,145286289,ODZ,Oldenzaal,,,,2025-05-30T08:33:00+02:00,0.0,False,False,1a,1a
16079368,2025-05-30,Stoptrein,Blauwnet,31230,False,False,0,145286290,HGLO,Hengelo Oost,2025-05-30T08:39:00+02:00,0.0,False,2025-05-30T08:39:00+02:00,0.0,False,False,1,1
16079368,2025-05-30,Stoptrein,Blauwnet,31230,False,False,0,145286291,HGL,Hengelo,2025-05-30T08:43:00+02:00,0.0,False,2025-05-30T08:46:00+02:00,0.0,False,False,2a,2a
16079381,2025-05-30,Sprinter,Blauwnet,7930,False,False,0,145286399,HGL,Hengelo,2025-05-30T08:43:00+02:00,0.0,False,2025-05-30T08:46:00+02:00,1.0,False,False,2b,2b
16079381,2025-05-30,Sprinter,Blauwnet,7930,False,False,0,145286400,BN,Borne,2025-05-30T08:51:00+02:00,1.0,False,2025-05-30T08:51:00+02:00,1.0,False,False,2,2
16079381,2025-05-30,Sprinter,Blauwnet,7930,False,False,0,145286401,AMRI,Almelo de Riet,2025-05-30T08:56:00+02:00,1.0,False,2025-05-30T08:56:00+02:00,1.0,False,False,1,1
16079381,2025-05-30,Sprinter,Blauwnet,7930,False,False,0,145286402,AML,Almelo,2025-05-30T08:59:00+02:00,0.0,False,2025-05-30T09:00:00+02:00,0.0,False,False,4b,4b
16079381,2025-05-30,Sprinter,Blauwnet,7930,False,False,0,145286403,WDN,Wierden,2025-05-30T09:04:00+02:00,0.0,False,2025-05-30T09:07:00+02:00,0.0,False,False,3,3
16079450,2025-05-30,Intercity,NS,1730,False,False,0,145286962,HGL,Hengelo,2025-05-30T08:53:00+02:00,0.0,False,2025-05-30T08:54:00+02:00,0.0,False,False,2,2
16079450,2025-05-30,Intercity,NS,1730,False,False,0,145286963,AML,Almelo,2025-05-30T09:05:00+02:00,0.0,False,2025-05-30T09:06:00+02:00,0.0,False,False,4,4
16079450,2025-05-30,Intercity,NS,1730,False,False,0,145286964,DV,Deventer,2025-05-30T09:30:00+02:00,0.0,False,2025-05-30T09:33:00+02:00,0.0,False,False,4,4
16079450,2025-05-30,Intercity,NS,1730,False,False,0,145286965,APD,Apeldoorn,2025-05-30T09:43:00+02:00,0.0,False,2025-05-30T09:44:00+02:00,0.0,False,False,1,1
16079450,2025-05-30,Intercity,NS,1730,False,False,0,145286966,AMF,Amersfoort Centraal,2025-05-30T10:08:00+02:00,0.0,False,2025-05-30T10:10:00+02:00,0.0,False,False,6,6
16079500,2025-05-30,Sprinter,NS,7032,False,False,0,145287358,HGL,Hengelo,2025-05-30T09:01:00+02:00,0.0,False,2025-05-30T09:02:00+02:00,0.0,False,False,2a,2a
16079500,2025-05-30,Sprinter,NS,7032,False,False,0,145287359,BN,Borne,2025-05-30T09:07:00+02:00,0.0,False,2025-05-30T09:07:00+02:00,0.0,False,False,2,2
16079500,2025-05-30,Sprinter,NS,7032,False,False,0,145287360,AMRI,Almelo de Riet,2025-05-30T09:12:00+02:00,0.0,False,2025-05-30T09:12:00+02:00,0.0,False,False,1,1
16079500,2025-05-30,Sprinter,NS,7032,False,False,0,145287361,AML,Almelo,2025-05-30T09:15:00+02:00,0.0,False,2025-05-30T09:23:00+02:00,0.0,False,False,4b,4b
16079500,2025-05-30,Sprinter,NS,7032,False,False,0,145287362,WDN,Wierden,2025-05-30T09:28:00+02:00,0.0,False,2025-05-30T09:28:00+02:00,0.0,False,False,2,2
16079500,2025-05-30,Sprinter,NS,7032,False,False,0,145287363,RSN,Rijssen,2025-05-30T09:33:00+02:00,0.0,False,2025-05-30T09:33:00+02:00,0.0,False,False,3,3
16079500,2025-05-30,Sprinter,NS,7032,False,False,0,145287364,HON,Holten,2025-05-30T09:39:00+02:00,0.0,False,2025-05-30T09:39:00+02:00,0.0,False,False,2,2
16079500,2025-05-30,Sprinter,NS,7032,False,False,0,145287365,DVC,Deventer Colmschate,2025-05-30T09:49:00+02:00,0.0,False,2025-05-30T09:49:00+02:00,0.0,False,False,1,1
16079500,2025-05-30,Sprinter,NS,7032,False,False,0,145287366,DV,Deventer,2025-05-30T09:54:00+02:00,0.0,False,2025-05-30T09:55:00+02:00,0.0,False,False,4,4
16079500,2025-05-30,Sprinter,NS,7032,False,False,0,145287367,TWL,Twello,2025-05-30T10:00:00+02:00,0.0,False,2025-05-30T10:00:00+02:00,0.0,False,False,2,2
16079500,2025-05-30,Sprinter,NS,7032,False,False,0,145287368,APDO,Apeldoorn Osseveld,2025-05-30T10:05:00+02:00,0.0,False,2025-05-30T10:05:00+02:00,0.0,False,False,2,2
16079500,2025-05-30,Sprinter,NS,7032,False,False,0,145287369,APD,Apeldoorn,2025-05-30T10:10:00+02:00,0.0,False,,,,False,2,2
16079502,2025-05-30,Sprinter,RRReis,31314,False,False,0,145287381,BNN,Barneveld Noord,2025-05-30T09:17:00+02:00,0.0,False,2025-05-30T09:17:00+02:00,4.0,False,False,1,1
16079502,2025-05-30,Sprinter,RRReis,31314,False,False,0,145287382,HVL,Hoevelaken,2025-05-30T09:24:00+02:00,4.0,False,2025-05-30T09:24:00+02:00,4.0,False,False,1,1
16079502,2025-05-30,Sprinter,RRReis,31314,False,False,0,145287383,AMF,Amersfoort Centraal,2025-05-30T09:30:00+02:00,3.0,False,,,,False,4b,4b
16079556,2025-05-30,Stoptrein,Blauwnet,31232,False,False,1,145287881,ODZ,Oldenzaal,,,,2025-05-30T09:03:00+02:00,0.0,False,False,1a,1a
16079556,2025-05-30,Stoptrein,Blauwnet,31232,False,False,0,145287882,HGLO,Hengelo Oost,2025-05-30T09:09:00+02:00,0.0,False,2025-05-30T09:09:00+02:00,0.0,False,False,1,1
16079556,2025-05-30,Stoptrein,Blauwnet,31232,False,False,0,145287883,HGL,Hengelo,2025-05-30T09:13:00+02:00,0.0,False,2025-05-30T09:16:00+02:00,0.0,False,False,2a,2a
16079567,2025-05-30,Sprinter,Blauwnet,7932,False,False,0,145287974,HGL,Hengelo,2025-05-30T09:13:00+02:00,0.0,False,2025-05-30T09:16:00+02:00,0.0,False,False,2b,2b
16079567,2025-05-30,Sprinter,Blauwnet,7932,False,False,0,145287975,BN,Borne,2025-05-30T09:21:00+02:00,0.0,False,2025-05-30T09:21:00+02:00,0.0,False,False,2,2
16079567,2025-05-30,Sprinter,Blauwnet,7932,False,False,0,145287976,AMRI,Almelo de Riet,2025-05-30T09:26:00+02:00,1.0,False,2025-05-30T09:26:00+02:00,1.0,False,False,1,1
16079567,2025-05-30,Sprinter,Blauwnet,7932,False,False,0,145287977,AML,Almelo,2025-05-30T09:29:00+02:00,1.0,False,2025-05-30T09:30:00+02:00,1.0,False,False,4b,4b
16079567,2025-05-30,Sprinter,Blauwnet,7932,False,False,0,145287978,WDN,Wierden,2025-05-30T09:34:00+02:00,1.0,False,2025-05-30T09:36:00+02:00,0.0,False,False,3,3
16079646,2025-05-30,Intercity,NS,1732,False,False,0,145288651,HGL,Hengelo,2025-05-30T09:23:00+02:00,0.0,False,2025-05-30T09:24:00+02:00,1.0,False,False,2,2
16079646,2025-05-30,Intercity,NS,1732,False,False,0,145288652,AML,Almelo,2025-05-30T09:35:00+02:00,0.0,False,2025-05-30T09:36:00+02:00,0.0,False,False,4,4
16079646,2025-05-30,Intercity,NS,1732,False,False,0,145288653,DV,Deventer,2025-05-30T10:00:00+02:00,0.0,False,2025-05-30T10:03:00+02:00,0.0,False,False,4,4
16079646,2025-05-30,Intercity,NS,1732,False,False,0,145288654,APD,Apeldoorn,2025-05-30T10:13:00+02:00,0.0,False,2025-05-30T10:14:00+02:00,0.0,False,False,1,1
16079646,2025-05-30,Intercity,NS,1732,False,False,0,145288655,AMF,Amersfoort Centraal,2025-05-30T10:38:00+02:00,0.0,False,2025-05-30T10:40:00+02:00,0.0,False,False,6,6
16079702,2025-05-30,Sprinter,RRReis,31418,False,False,0,145289146,BNN,Barneveld Noord,2025-05-30T09:32:00+02:00,0.0,False,2025-05-30T09:32:00+02:00,0.0,False,False,1,1
16079702,2025-05-30,Sprinter,RRReis,31418,False,False,0,145289147,HVL,Hoevelaken,2025-05-30T09:39:00+02:00,0.0,False,2025-05-30T09:39:00+02:00,0.0,False,False,1,1
16079702,2025-05-30,Sprinter,RRReis,31418,False,False,0,145289148,AMF,Amersfoort Centraal,2025-05-30T09:45:00+02:00,0.0,False,,,,False,4b,4b
16079704,2025-05-30,Sprinter,RRReis,31316,False,False,0,145289160,BNN,Barneveld Noord,2025-05-30T09:47:00+02:00,1.0,False,2025-05-30T09:47:00+02:00,1.0,False,False,1,1
16079704,2025-05-30,Sprinter,RRReis,31316,False,False,0,145289161,HVL,Hoevelaken,2025-05-30T09:54:00+02:00,1.0,False,2025-05-30T09:54:00+02:00,1.0,False,False,1,1
16079704,2025-05-30,Sprinter,RRReis,31316,False,False,0,145289162,AMF,Amersfoort Centraal,2025-05-30T10:00:00+02:00,1.0,False,,,,False,4b,4b
16079756,2025-05-30,Intercity,Blauwnet,17934,False,False,0,145289665,HGL,Hengelo,2025-05-30T09:38:00+02:00,0.0,False,2025-05-30T09:39:00+02:00,0.0,False,False,2b,2b
16079756,2025-05-30,Intercity,Blauwnet,17934,False,False,0,145289666,AML,Almelo,2025-05-30T09:49:00+02:00,0.0,False,2025-05-30T09:50:00+02:00,0.0,False,False,4a,4a
16079763,2025-05-30,Stoptrein,Blauwnet,31234,False,False,15,145289707,ODZ,Oldenzaal,,,,2025-05-30T09:33:00+02:00,7.0,False,False,1a,1a
16079763,2025-05-30,Stoptrein,Blauwnet,31234,False,False,0,145289708,HGLO,Hengelo Oost,2025-05-30T09:39:00+02:00,14.0,False,2025-05-30T09:39:00+02:00,14.0,False,False,1,1
16079763,2025-05-30,Stoptrein,Blauwnet,31234,False,False,0,145289709,HGL,Hengelo,2025-05-30T09:43:00+02:00,13.0,False,2025-05-30T09:46:00+02:00,12.0,False,False,2a,2a
16079773,2025-05-30,Sprinter,Blauwnet,7934,False,False,0,145289793,HGL,Hengelo,2025-05-30T09:43:00+02:00,0.0,False,2025-05-30T09:46:00+02:00,0.0,False,False,2b,2b
16079773,2025-05-30,Sprinter,Blauwnet,7934,False,False,0,145289794,BN,Borne,2025-05-30T09:51:00+02:00,0.0,False,2025-05-30T09:51:00+02:00,0.0,False,False,2,2
16079773,2025-05-30,Sprinter,Blauwnet,7934,False,False,0,145289795,AMRI,Almelo de Riet,2025-05-30T09:56:00+02:00,0.0,False,2025-05-30T09:56:00+02:00,0.0,False,False,1,1
16079773,2025-05-30,Sprinter,Blauwnet,7934,False,False,0,145289796,AML,Almelo,2025-05-30T09:59:00+02:00,0.0,False,2025-05-30T10:00:00+02:00,0.0,False,False,4b,4b
16079773,2025-05-30,Sprinter,Blauwnet,7934,False,False,0,145289797,WDN,Wierden,2025-05-30T10:04:00+02:00,0.0,False,2025-05-30T10:07:00+02:00,0.0,False,False,3,3
16079842,2025-05-30,Intercity,NS,1734,False,False,0,145290394,HGL,Hengelo,2025-05-30T09:52:00+02:00,0.0,False,2025-05-30T09:54:00+02:00,0.0,False,False,2a,2a
16079842,2025-05-30,Intercity,NS,1734,False,False,0,145290395,AML,Almelo,2025-05-30T10:05:00+02:00,0.0,False,2025-05-30T10:06:00+02:00,0.0,False,False,4,4
16079842,2025-05-30,Intercity,NS,1734,False,False,0,145290396,DV,Deventer,2025-05-30T10:30:00+02:00,0.0,False,2025-05-30T10:33:00+02:00,0.0,False,False,4,4
16079842,2025-05-30,Intercity,NS,1734,False,False,0,145290397,APD,Apeldoorn,2025-05-30T10:43:00+02:00,0.0,False,2025-05-30T10:44:00+02:00,0.0,False,False,1,1
16079842,2025-05-30,Intercity,NS,1734,False,False,0,145290398,AMF,Amersfoort Centraal,2025-05-30T11:08:00+02:00,0.0,False,2025-05-30T11:10:00+02:00,0.0,False,False,6,6
16079899,2025-05-30,Sprinter,RRReis,31420,False,False,0,145290845,BNN,Barneveld Noord,2025-05-30T10:02:00+02:00,0.0,False,2025-05-30T10:02:00+02:00,1.0,False,False,1,1
16079899,2025-05-30,Sprinter,RRReis,31420,False,False,0,145290846,HVL,Hoevelaken,2025-05-30T10:09:00+02:00,0.0,False,2025-05-30T10:09:00+02:00,0.0,False,False,1,1
16079899,2025-05-30,Sprinter,RRReis,31420,False,False,0,145290847,AMF,Amersfoort Centraal,2025-05-30T10:15:00+02:00,0.0,False,,,,False,4b,4b
16079901,2025-05-30,Sprinter,RRReis,31318,False,False,0,145290859,BNN,Barneveld Noord,2025-05-30T10:17:00+02:00,1.0,False,2025-05-30T10:17:00+02:00,1.0,False,False,1,1
16079901,2025-05-30,Sprinter,RRReis,31318,False,False,0,145290860,HVL,Hoevelaken,2025-05-30T10:24:00+02:00,1.0,False,2025-05-30T10:24:00+02:00,1.0,False,False,1,1
16079901,2025-05-30,Sprinter,RRReis,31318,False,False,0,145290861,AMF,Amersfoort Centraal,2025-05-30T10:30:00+02:00,1.0,False,,,,False,4b,4b
16079902,2025-05-30,Sprinter,NS,7034,False,False,0,145290862,AML,Almelo,,,,2025-05-30T09:53:00+02:00,0.0,False,False,,
16079902,2025-05-30,Sprinter,NS,7034,False,False,0,145290863,WDN,Wierden,2025-05-30T09:58:00+02:00,0.0,False,2025-05-30T09:58:00+02:00,0.0,False,False,2,2
16079902,2025-05-30,Sprinter,NS,7034,False,False,0,145290864,RSN,Rijssen,2025-05-30T10:04:00+02:00,0.0,False,2025-05-30T10:04:00+02:00,0.0,False,False,3,3
16079902,2025-05-30,Sprinter,NS,7034,False,False,0,145290865,HON,Holten,2025-05-30T10:09:00+02:00,0.0,False,2025-05-30T10:09:00+02:00,0.0,False,False,2,2
16079902,2025-05-30,Sprinter,NS,7034,False,False,0,145290866,DVC,Deventer Colmschate,2025-05-30T10:19:00+02:00,0.0,False,2025-05-30T10:19:00+02:00,0.0,False,False,1,1
16079902,2025-05-30,Sprinter,NS,7034,False,False,0,145290867,DV,Deventer,2025-05-30T10:24:00+02:00,0.0,False,2025-05-30T10:25:00+02:00,0.0,False,False,4,4
16079902,2025-05-30,Sprinter,NS,7034,False,False,0,145290868,TWL,Twello,2025-05-30T10:30:00+02:00,0.0,False,2025-05-30T10:30:00+02:00,0.0,False,False,2,2
16079902,2025-05-30,Sprinter,NS,7034,False,False,0,145290869,APDO,Apeldoorn Osseveld,2025-05-30T10:35:00+02:00,0.0,False,2025-05-30T10:35:00+02:00,0.0,False,False,2,2
16079902,2025-05-30,Sprinter,NS,7034,False,False,0,145290870,APD,Apeldoorn,2025-05-30T10:40:00+02:00,0.0,False,,,,False,2,2
16080098,2025-05-30,Sprinter,RRReis,31320,False,False,0,145292596,BNN,Barneveld Noord,2025-05-30T10:47:00+02:00,0.0,False,2025-05-30T10:47:00+02:00,1.0,False,False,1,1
16080098,2025-05-30,Sprinter,RRReis,31320,False,False,0,145292597,HVL,Hoevelaken,2025-05-30T10:54:00+02:00,1.0,False,2025-05-30T10:54:00+02:00,1.0,False,False,1,1
16080098,2025-05-30,Sprinter,RRReis,31320,False,False,0,145292598,AMF,Amersfoort Centraal,2025-05-30T11:00:00+02:00,0.0,False,,,,False,4b,4b
16080099,2025-05-30,Sprinter,RRReis,31422,False,False,0,145292601,BNN,Barneveld Noord,2025-05-30T10:32:00+02:00,0.0,False,2025-05-30T10:32:00+02:00,1.0,False,False,1,1
16080099,2025-05-30,Sprinter,RRReis,31422,False,False,0,145292602,HVL,Hoevelaken,2025-05-30T10:39:00+02:00,0.0,False,2025-05-30T10:39:00+02:00,0.0,False,False,1,1
16080099,2025-05-30,Sprinter,RRReis,31422,False,False,0,145292603,AMF,Amersfoort Centraal,2025-05-30T10:45:00+02:00,0.0,False,,,,False,4b,4b
16080285,2025-05-30,Sprinter,RRReis,31424,False,False,0,145294162,BNN,Barneveld Noord,2025-05-30T11:02:00+02:00,0.0,False,2025-05-30T11:02:00+02:00,1.0,False,False,1,1
16080285,2025-05-30,Sprinter,RRReis,31424,False,False,0,145294163,HVL,Hoevelaken,2025-05-30T11:09:00+02:00,0.0,False,2025-05-30T11:09:00+02:00,0.0,False,False,1,1
16080285,2025-05-30,Sprinter,RRReis,31424,False,False,0,145294164,AMF,Amersfoort Centraal,2025-05-30T11:15:00+02:00,0.0,False,,,,False,4b,4b
16125491,2025-06-06,Intercity,NS Int,242,False,False,0,145701162,BH,Bad Bentheim,2025-06-06T07:48:00+02:00,7.0,False,2025-06-06T07:51:00+02:00,9.0,False,False,,
16125491,2025-06-06,Intercity,NS Int,242,False,False,0,145701163,HGL,Hengelo,2025-06-06T08:07:00+02:00,12.0,False,2025-06-06T08:09:00+02:00,12.0,False,False,2,2
16125491,2025-06-06,Intercity,NS Int,242,False,False,0,145701164,DV,Deventer,2025-06-06T08:41:00+02:00,14.0,False,2025-06-06T08:47:00+02:00,9.0,False,False,3,3
16125491,2025-06-06,Intercity,NS Int,242,False,False,0,145701165,APD,Apeldoorn,2025-06-06T08:57:00+02:00,9.0,False,2025-06-06T08:59:00+02:00,8.0,False,False,1,1
16125491,2025-06-06,Intercity,NS Int,242,False,False,0,145701166,AMF,Amersfoort Centraal,2025-06-06T09:24:00+02:00,7.0,False,2025-06-06T09:26:00+02:00,7.0,False,False,7,7
16125605,2025-06-06,Stoptrein,Eurobahn,20354,False,False,0,145702284,BH,Bad Bentheim,2025-06-06T08:03:00+02:00,8.0,False,2025-06-06T08:08:00+02:00,6.0,False,False,,
16125605,2025-06-06,Stoptrein,Eurobahn,20354,False,False,0,145702285,ODZ,Oldenzaal,2025-06-06T08:18:00+02:00,16.0,False,2025-06-06T08:18:00+02:00,16.0,False,True,1a,2
16125605,2025-06-06,Stoptrein,Eurobahn,20354,False,False,0,145702286,HGL,Hengelo,2025-06-06T08:26:00+02:00,19.0,False,,,,False,11,11
16126005,2025-06-06,Stoptrein,Eurobahn,20358,False,False,0,145705989,BH,Bad Bentheim,2025-06-06T09:03:00+02:00,4.0,False,2025-06-06T09:08:00+02:00,0.0,False,False,,
16126005,2025-06-06,Stoptrein,Eurobahn,20358,False,False,0,145705990,ODZ,Oldenzaal,2025-06-06T09:18:00+02:00,0.0,False,2025-06-06T09:18:00+02:00,0.0,False,False,1a,1a
16126005,2025-06-06,Stoptrein,Eurobahn,20358,False,False,0,145705991,HGL,Hengelo,2025-06-06T09:26:00+02:00,0.0,False,,,,False,11,11
16126320,2025-06-06,Stoptrein,Blauwnet,31228,False,False,1,145708970,ODZ,Oldenzaal,,,,2025-06-06T08:03:00+02:00,0.0,False,False,1b,1b
16126320,2025-06-06,Stoptrein,Blauwnet,31228,False,False,0,145708971,HGLO,Hengelo Oost,2025-06-06T08:09:00+02:00,1.0,False,2025-06-06T08:09:00+02:00,1.0,False,False,1,1
16126320,2025-06-06,Stoptrein,Blauwnet,31228,False,False,0,145708972,HGL,Hengelo,2025-06-06T08:13:00+02:00,0.0,False,2025-06-06T08:16:00+02:00,0.0,False,False,2a,2a
16126332,2025-06-06,Sprinter,Blauwnet,7928,False,False,0,145709084,HGL,Hengelo,2025-06-06T08:13:00+02:00,0.0,False,2025-06-06T08:16:00+02:00,0.0,False,False,2b,2b
16126332,2025-06-06,Sprinter,Blauwnet,7928,False,False,0,145709085,BN,Borne,2025-06-06T08:21:00+02:00,0.0,False,2025-06-06T08:21:00+02:00,0.0,False,False,2,2
16126332,2025-06-06,Sprinter,Blauwnet,7928,False,False,0,145709086,AMRI,Almelo de Riet,2025-06-06T08:26:00+02:00,0.0,False,2025-06-06T08:26:00+02:00,0.0,False,False,1,1
16126332,2025-06-06,Sprinter,Blauwnet,7928,False,False,0,145709087,AML,Almelo,2025-06-06T08:29:00+02:00,0.0,False,2025-06-06T08:30:00+02:00,0.0,False,False,4b,4b
16126332,2025-06-06,Sprinter,Blauwnet,7928,False,False,0,145709088,WDN,Wierden,2025-06-06T08:34:00+02:00,0.0,False,2025-06-06T08:36:00+02:00,0.0,False,False,3,3
16126504,2025-06-06,Intercity,Blauwnet,17930,False,False,0,145710732,HGL,Hengelo,2025-06-06T08:38:00+02:00,0.0,False,2025-06-06T08:39:00+02:00,0.0,False,False,2b,2b
16126504,2025-06-06,Intercity,Blauwnet,17930,False,False,0,145710733,AML,Almelo,2025-06-06T08:49:00+02:00,0.0,False,2025-06-06T08:50:00+02:00,0.0,False,False,4a,4a
16126513,2025-06-06,Stoptrein,Blauwnet,31230,False,False,1,145710804,ODZ,Oldenzaal,,,,2025-06-06T08:33:00+02:00,0.0,False,False,1a,1a
16126513,2025-06-06,Stoptrein,Blauwnet,31230,False,False,0,145710805,HGLO,Hengelo Oost,2025-06-06T08:39:00+02:00,0.0,False,2025-06-06T08:39:00+02:00,0.0,False,False,1,1
16126513,2025-06-06,Stoptrein,Blauwnet,31230,False,False,0,145710806,HGL,Hengelo,2025-06-06T08:43:00+02:00,0.0,False,2025-06-06T08:46:00+02:00,0.0,False,False,2a,2a
16126525,2025-06-06,Sprinter,Blauwnet,7930,False,False,0,145710910,HGL,Hengelo,2025-06-06T08:43:00+02:00,0.0,False,2025-06-06T08:46:00+02:00,0.0,False,False,2b,2b
16126525,2025-06-06,Sprinter,Blauwnet,7930,False,False,0,145710911,BN,Borne,2025-06-06T08:51:00+02:00,0.0,False,2025-06-06T08:51:00+02:00,0.0,False,False,2,2
16126525,2025-06-06,Sprinter,Blauwnet,7930,False,False,0,145710912,AMRI,Almelo de Riet,2025-06-06T08:56:00+02:00,0.0,False,2025-06-06T08:56:00+02:00,0.0,False,False,1,1
16126525,2025-06-06,Sprinter,Blauwnet,7930,False,False,0,145710913,AML,Almelo,2025-06-06T08:59:00+02:00,0.0,False,2025-06-06T09:00:00+02:00,0.0,False,False,4b,4b
16126525,2025-06-06,Sprinter,Blauwnet,7930,False,False,0,145710914,WDN,Wierden,2025-06-06T09:04:00+02:00,0.0,False,2025-06-06T09:07:00+02:00,0.0,False,False,3,3
16126645,2025-06-06,Sprinter,RRReis,31314,False,False,0,145711985,BNN,Barneveld Noord,2025-06-06T09:17:00+02:00,0.0,False,2025-06-06T09:17:00+02:00,0.0,False,False,1,1
16126645,2025-06-06,Sprinter,RRReis,31314,False,False,0,145711986,HVL,Hoevelaken,2025-06-06T09:24:00+02:00,0.0,False,2025-06-06T09:24:00+02:00,0.0,False,False,1,1
16126645,2025-06-06,Sprinter,RRReis,31314,False,False,0,145711987,AMF,Amersfoort Centraal,2025-06-06T09:30:00+02:00,0.0,False,,,,False,4b,4b
16126695,2025-06-06,Stoptrein,Blauwnet,31232,False,False,1,145712499,ODZ,Oldenzaal,,,,2025-06-06T09:03:00+02:00,0.0,False,False,1a,1a
16126695,2025-06-06,Stoptrein,Blauwnet,31232,False,False,0,145712500,HGLO,Hengelo Oost,2025-06-06T09:09:00+02:00,1.0,False,2025-06-06T09:09:00+02:00,1.0,False,False,1,1
16126695,2025-06-06,Stoptrein,Blauwnet,31232,False,False,0,145712501,HGL,Hengelo,2025-06-06T09:13:00+02:00,0.0,False,2025-06-06T09:16:00+02:00,0.0,False,False,2a,2a
16126706,2025-06-06,Sprinter,Blauwnet,7932,False,False,0,145712610,HGL,Hengelo,2025-06-06T09:13:00+02:00,0.0,False,2025-06-06T09:16:00+02:00,0.0,False,False,2b,2b
16126706,2025-06-06,Sprinter,Blauwnet,7932,False,False,0,145712611,BN,Borne,2025-06-06T09:21:00+02:00,0.0,False,2025-06-06T09:21:00+02:00,0.0,False,False,2,2
16126706,2025-06-06,Sprinter,Blauwnet,7932,False,False,0,145712612,AMRI,Almelo de Riet,2025-06-06T09:26:00+02:00,0.0,False,2025-06-06T09:26:00+02:00,0.0,False,False,1,1
16126706,2025-06-06,Sprinter,Blauwnet,7932,False,False,0,145712613,AML,Almelo,2025-06-06T09:29:00+02:00,0.0,False,2025-06-06T09:30:00+02:00,0.0,False,False,4b,4b
16126706,2025-06-06,Sprinter,Blauwnet,7932,False,False,0,145712614,WDN,Wierden,2025-06-06T09:34:00+02:00,0.0,False,2025-06-06T09:36:00+02:00,0.0,False,False,3,3
16126828,2025-06-06,Sprinter,RRReis,31418,False,False,0,145713733,BNN,Barneveld Noord,2025-06-06T09:32:00+02:00,0.0,False,2025-06-06T09:32:00+02:00,1.0,False,False,1,1
16126828,2025-06-06,Sprinter,RRReis,31418,False,False,0,145713734,HVL,Hoevelaken,2025-06-06T09:39:00+02:00,0.0,False,2025-06-06T09:39:00+02:00,0.0,False,False,1,1
16126828,2025-06-06,Sprinter,RRReis,31418,False,False,0,145713735,AMF,Amersfoort Centraal,2025-06-06T09:45:00+02:00,0.0,False,,,,False,4b,4b
16126830,2025-06-06,Sprinter,RRReis,31316,False,False,0,145713747,BNN,Barneveld Noord,2025-06-06T09:47:00+02:00,0.0,False,2025-06-06T09:47:00+02:00,1.0,False,False,1,1
16126830,2025-06-06,Sprinter,RRReis,31316,False,False,0,145713748,HVL,Hoevelaken,2025-06-06T09:54:00+02:00,1.0,False,2025-06-06T09:54:00+02:00,1.0,False,False,1,1
16126830,2025-06-06,Sprinter,RRReis,31316,False,False,0,145713749,AMF,Amersfoort Centraal,2025-06-06T10:00:00+02:00,0.0,False,,,,False,4b,4b
16126877,2025-06-06,Intercity,Blauwnet,17934,False,False,0,145714230,HGL,Hengelo,2025-06-06T09:38:00+02:00,0.0,False,2025-06-06T09:39:00+02:00,0.0,False,False,2b,2b
16126877,2025-06-06,Intercity,Blauwnet,17934,False,False,0,145714231,AML,Almelo,2025-06-06T09:49:00+02:00,1.0,False,2025-06-06T09:50:00+02:00,1.0,False,False,4a,4a
16126884,2025-06-06,Stoptrein,Blauwnet,31234,False,False,1,145714276,ODZ,Oldenzaal,,,,2025-06-06T09:33:00+02:00,0.0,False,False,1a,1a
16126884,2025-06-06,Stoptrein,Blauwnet,31234,False,False,0,145714277,HGLO,Hengelo Oost,2025-06-06T09:39:00+02:00,1.0,False,2025-06-06T09:39:00+02:00,1.0,False,False,1,1
16126884,2025-06-06,Stoptrein,Blauwnet,31234,False,False,0,145714278,HGL,Hengelo,2025-06-06T09:43:00+02:00,0.0,False,2025-06-06T09:46:00+02:00,0.0,False,False,2a,2a
16126897,2025-06-06,Sprinter,Blauwnet,7934,False,False,0,145714388,HGL,Hengelo,2025-06-06T09:43:00+02:00,0.0,False,2025-06-06T09:46:00+02:00,0.0,False,False,2b,2b
16126897,2025-06-06,Sprinter,Blauwnet,7934,False,False,0,145714389,BN,Borne,2025-06-06T09:51:00+02:00,0.0,False,2025-06-06T09:51:00+02:00,0.0,False,False,2,2
16126897,2025-06-06,Sprinter,Blauwnet,7934,False,False,0,145714390,AMRI,Almelo de Riet,2025-06-06T09:56:00+02:00,0.0,False,2025-06-06T09:56:00+02:00,0.0,False,False,1,1
16126897,2025-06-06,Sprinter,Blauwnet,7934,False,False,0,145714391,AML,Almelo,2025-06-06T09:59:00+02:00,0.0,False,2025-06-06T10:00:00+02:00,0.0,False,False,4b,4b
16126897,2025-06-06,Sprinter,Blauwnet,7934,False,False,0,145714392,WDN,Wierden,2025-06-06T10:04:00+02:00,0.0,False,2025-06-06T10:07:00+02:00,1.0,False,False,3,3
16127013,2025-06-06,Sprinter,RRReis,31318,False,False,0,145715420,BNN,Barneveld Noord,2025-06-06T10:17:00+02:00,2.0,False,2025-06-06T10:17:00+02:00,2.0,False,False,1,1
16127013,2025-06-06,Sprinter,RRReis,31318,False,False,0,145715421,HVL,Hoevelaken,2025-06-06T10:24:00+02:00,1.0,False,2025-06-06T10:24:00+02:00,1.0,False,False,1,1
16127013,2025-06-06,Sprinter,RRReis,31318,False,False,0,145715422,AMF,Amersfoort Centraal,2025-06-06T10:30:00+02:00,1.0,False,,,,False,4b,4b
16127018,2025-06-06,Sprinter,RRReis,31420,False,False,0,145715470,BNN,Barneveld Noord,2025-06-06T10:02:00+02:00,0.0,False,2025-06-06T10:02:00+02:00,1.0,False,False,1,1
16127018,2025-06-06,Sprinter,RRReis,31420,False,False,0,145715471,HVL,Hoevelaken,2025-06-06T10:09:00+02:00,1.0,False,2025-06-06T10:09:00+02:00,1.0,False,False,1,1
16127018,2025-06-06,Sprinter,RRReis,31420,False,False,0,145715472,AMF,Amersfoort Centraal,2025-06-06T10:15:00+02:00,0.0,False,,,,False,4b,4b
16127197,2025-06-06,Sprinter,RRReis,31422,False,False,0,145717178,BNN,Barneveld Noord,2025-06-06T10:32:00+02:00,0.0,False,2025-06-06T10:32:00+02:00,0.0,False,False,1,1
16127197,2025-06-06,Sprinter,RRReis,31422,False,False,0,145717179,HVL,Hoevelaken,2025-06-06T10:39:00+02:00,0.0,False,2025-06-06T10:39:00+02:00,0.0,False,False,1,1
16127197,2025-06-06,Sprinter,RRReis,31422,False,False,0,145717180,AMF,Amersfoort Centraal,2025-06-06T10:45:00+02:00,0.0,False,,,,False,4b,4b
16127198,2025-06-06,Sprinter,RRReis,31320,False,False,0,145717186,BNN,Barneveld Noord,2025-06-06T10:47:00+02:00,0.0,False,2025-06-06T10:47:00+02:00,1.0,False,False,1,1
16127198,2025-06-06,Sprinter,RRReis,31320,False,False,0,145717187,HVL,Hoevelaken,2025-06-06T10:54:00+02:00,0.0,False,2025-06-06T10:54:00+02:00,0.0,False,False,1,1
16127198,2025-06-06,Sprinter,RRReis,31320,False,False,0,145717188,AMF,Amersfoort Centraal,2025-06-06T11:00:00+02:00,0.0,False,,,,False,4b,4b
16127380,2025-06-06,Sprinter,RRReis,31424,False,False,0,145718840,BNN,Barneveld Noord,2025-06-06T11:02:00+02:00,0.0,False,2025-06-06T11:02:00+02:00,0.0,False,False,1,1
16127380,2025-06-06,Sprinter,RRReis,31424,False,False,0,145718841,HVL,Hoevelaken,2025-06-06T11:09:00+02:00,0.0,False,2025-06-06T11:09:00+02:00,0.0,False,False,1,1
16127380,2025-06-06,Sprinter,RRReis,31424,False,False,0,145718842,AMF,Amersfoort Centraal,2025-06-06T11:15:00+02:00,0.0,False,,,,False,4b,4b
16259053,2025-06-26,Intercity,NS Int,242,False,False,0,146906956,BH,Bad Bentheim,2025-06-26T07:48:00+02:00,10.0,False,2025-06-26T07:51:00+02:00,9.0,False,False,,
16259053,2025-06-26,Intercity,NS Int,242,False,False,0,146906957,HGL,Hengelo,2025-06-26T08:07:00+02:00,12.0,False,2025-06-26T08:09:00+02:00,11.0,False,False,2,2
16259053,2025-06-26,Intercity,NS Int,242,False,False,0,146906958,DV,Deventer,2025-06-26T08:41:00+02:00,15.0,False,2025-06-26T08:47:00+02:00,10.0,False,False,3,3
16259053,2025-06-26,Intercity,NS Int,242,False,False,0,146906959,APD,Apeldoorn,2025-06-26T08:57:00+02:00,9.0,False,2025-06-26T08:59:00+02:00,9.0,False,False,1,1
16259053,2025-06-26,Intercity,NS Int,242,False,False,0,146906960,AMF,Amersfoort Centraal,2025-06-26T09:24:00+02:00,10.0,False,2025-06-26T09:26:00+02:00,10.0,False,False,7,7
16259390,2025-06-26,Stoptrein,Eurobahn,20354,False,False,0,146910296,BH,Bad Bentheim,2025-06-26T08:03:00+02:00,4.0,False,2025-06-26T08:08:00+02:00,1.0,False,False,,
16259390,2025-06-26,Stoptrein,Eurobahn,20354,False,False,0,146910297,ODZ,Oldenzaal,2025-06-26T08:18:00+02:00,0.0,False,2025-06-26T08:18:00+02:00,0.0,False,False,1a,1a
16259390,2025-06-26,Stoptrein,Eurobahn,20354,False,False,0,146910298,HGL,Hengelo,2025-06-26T08:26:00+02:00,0.0,False,,,,False,11,11
16259497,2025-06-26,Intercity,NS,3620,False,False,0,146911284,DV,Deventer,2025-06-26T08:45:00+02:00,0.0,False,2025-06-26T08:46:00+02:00,2.0,False,False,4a,4a
16259808,2025-06-26,Stoptrein,Eurobahn,20358,False,False,0,146914242,BH,Bad Bentheim,2025-06-26T09:03:00+02:00,5.0,False,2025-06-26T09:08:00+02:00,2.0,False,False,,
16259808,2025-06-26,Stoptrein,Eurobahn,20358,False,False,0,146914243,ODZ,Oldenzaal,2025-06-26T09:18:00+02:00,2.0,False,2025-06-26T09:18:00+02:00,2.0,False,False,1a,1a
16259808,2025-06-26,Stoptrein,Eurobahn,20358,False,False,0,146914244,HGL,Hengelo,2025-06-26T09:26:00+02:00,1.0,False,,,,False,11,11
16260088,2025-06-26,Sprinter,NS,7028,False,False,0,146916848,HGL,Hengelo,2025-06-26T08:01:00+02:00,0.0,False,2025-06-26T08:02:00+02:00,0.0,False,False,2a,2a
16260088,2025-06-26,Sprinter,NS,7028,False,False,0,146916849,BN,Borne,2025-06-26T08:07:00+02:00,0.0,False,2025-06-26T08:07:00+02:00,0.0,False,False,2,2
16260088,2025-06-26,Sprinter,NS,7028,False,False,0,146916850,AMRI,Almelo de Riet,2025-06-26T08:12:00+02:00,0.0,False,2025-06-26T08:12:00+02:00,0.0,False,False,1,1
16260088,2025-06-26,Sprinter,NS,7028,False,False,0,146916851,AML,Almelo,2025-06-26T08:15:00+02:00,0.0,False,2025-06-26T08:23:00+02:00,0.0,False,False,4b,4b
16260088,2025-06-26,Sprinter,NS,7028,False,False,0,146916852,WDN,Wierden,2025-06-26T08:28:00+02:00,0.0,False,2025-06-26T08:28:00+02:00,0.0,False,False,2,2
16260088,2025-06-26,Sprinter,NS,7028,False,False,0,146916853,RSN,Rijssen,2025-06-26T08:33:00+02:00,0.0,False,2025-06-26T08:33:00+02:00,0.0,False,False,3,3
16260088,2025-06-26,Sprinter,NS,7028,False,False,0,146916854,HON,Holten,2025-06-26T08:39:00+02:00,0.0,False,2025-06-26T08:39:00+02:00,0.0,False,False,2,2
16260088,2025-06-26,Sprinter,NS,7028,False,False,0,146916855,DVC,Deventer Colmschate,2025-06-26T08:49:00+02:00,0.0,False,2025-06-26T08:49:00+02:00,0.0,False,False,1,1
16260088,2025-06-26,Sprinter,NS,7028,False,False,0,146916856,DV,Deventer,2025-06-26T08:54:00+02:00,0.0,False,2025-06-26T08:55:00+02:00,4.0,False,False,4,4
16260088,2025-06-26,Sprinter,NS,7028,False,False,0,146916857,TWL,Twello,2025-06-26T09:00:00+02:00,4.0,False,2025-06-26T09:00:00+02:00,4.0,False,False,2,2
16260088,2025-06-26,Sprinter,NS,7028,False,False,0,146916858,APDO,Apeldoorn Osseveld,2025-06-26T09:05:00+02:00,4.0,False,2025-06-26T09:05:00+02:00,4.0,False,False,2,2
16260088,2025-06-26,Sprinter,NS,7028,False,False,0,146916859,APD,Apeldoorn,2025-06-26T09:10:00+02:00,2.0,False,,,,False,2,2
16260149,2025-06-26,Stoptrein,Blauwnet,31228,False,False,1,146917468,ODZ,Oldenzaal,,,,2025-06-26T08:03:00+02:00,0.0,False,False,1b,1b
16260149,2025-06-26,Stoptrein,Blauwnet,31228,False,False,0,146917469,HGLO,Hengelo Oost,2025-06-26T08:09:00+02:00,1.0,False,2025-06-26T08:09:00+02:00,1.0,False,False,1,1
16260149,2025-06-26,Stoptrein,Blauwnet,31228,False,False,0,146917470,HGL,Hengelo,2025-06-26T08:13:00+02:00,0.0,False,2025-06-26T08:16:00+02:00,0.0,False,False,2a,2a
16260165,2025-06-26,Sprinter,Blauwnet,7928,False,False,0,146917633,HGL,Hengelo,2025-06-26T08:13:00+02:00,0.0,False,2025-06-26T08:16:00+02:00,0.0,False,False,2b,2b
16260165,2025-06-26,Sprinter,Blauwnet,7928,False,False,0,146917634,BN,Borne,2025-06-26T08:21:00+02:00,0.0,False,2025-06-26T08:21:00+02:00,0.0,False,False,2,2
16260165,2025-06-26,Sprinter,Blauwnet,7928,False,False,0,146917635,AMRI,Almelo de Riet,2025-06-26T08:26:00+02:00,1.0,False,2025-06-26T08:26:00+02:00,1.0,False,False,1,1
16260165,2025-06-26,Sprinter,Blauwnet,7928,False,False,0,146917636,AML,Almelo,2025-06-26T08:29:00+02:00,0.0,False,2025-06-26T08:30:00+02:00,0.0,False,False,4b,4b
16260165,2025-06-26,Sprinter,Blauwnet,7928,False,False,0,146917637,WDN,Wierden,2025-06-26T08:34:00+02:00,0.0,False,2025-06-26T08:36:00+02:00,0.0,False,False,3,3
16260237,2025-06-26,Intercity,NS,1728,False,False,0,146918350,HGL,Hengelo,2025-06-26T08:23:00+02:00,0.0,False,2025-06-26T08:24:00+02:00,0.0,False,False,2,2
16260237,2025-06-26,Intercity,NS,1728,False,False,0,146918351,AML,Almelo,2025-06-26T08:35:00+02:00,0.0,False,2025-06-26T08:36:00+02:00,0.0,False,False,4,4
16260237,2025-06-26,Intercity,NS,1728,False,False,0,146918352,DV,Deventer,2025-06-26T09:00:00+02:00,3.0,False,2025-06-26T09:03:00+02:00,1.0,False,False,4,4
16260237,2025-06-26,Intercity,NS,1728,False,False,0,146918353,APD,Apeldoorn,2025-06-26T09:13:00+02:00,2.0,False,2025-06-26T09:14:00+02:00,2.0,False,False,1,1
16260237,2025-06-26,Intercity,NS,1728,False,False,0,146918354,AMF,Amersfoort Centraal,2025-06-26T09:38:00+02:00,2.0,False,2025-06-26T09:40:00+02:00,3.0,False,False,6,6
16260296,2025-06-26,Sprinter,NS,7030,False,False,0,146918913,HGL,Hengelo,2025-06-26T08:31:00+02:00,2.0,False,2025-06-26T08:32:00+02:00,2.0,False,False,2a,2a
16260296,2025-06-26,Sprinter,NS,7030,False,False,0,146918914,BN,Borne,2025-06-26T08:37:00+02:00,1.0,False,2025-06-26T08:37:00+02:00,1.0,False,False,2,2
16260296,2025-06-26,Sprinter,NS,7030,False,False,0,146918915,AMRI,Almelo de Riet,2025-06-26T08:42:00+02:00,2.0,False,2025-06-26T08:42:00+02:00,2.0,False,False,1,1
16260296,2025-06-26,Sprinter,NS,7030,False,False,0,146918916,AML,Almelo,2025-06-26T08:45:00+02:00,2.0,False,2025-06-26T08:53:00+02:00,0.0,False,False,4b,4b
16260296,2025-06-26,Sprinter,NS,7030,False,False,0,146918917,WDN,Wierden,2025-06-26T08:58:00+02:00,0.0,False,2025-06-26T08:58:00+02:00,0.0,False,False,2,2
16260296,2025-06-26,Sprinter,NS,7030,False,False,0,146918918,RSN,Rijssen,2025-06-26T09:03:00+02:00,1.0,False,2025-06-26T09:03:00+02:00,1.0,False,False,3,3
16260296,2025-06-26,Sprinter,NS,7030,False,False,0,146918919,HON,Holten,2025-06-26T09:09:00+02:00,1.0,False,2025-06-26T09:09:00+02:00,1.0,False,False,2,2
16260296,2025-06-26,Sprinter,NS,7030,False,False,0,146918920,DVC,Deventer Colmschate,2025-06-26T09:19:00+02:00,0.0,False,2025-06-26T09:19:00+02:00,0.0,False,False,1,1
16260296,2025-06-26,Sprinter,NS,7030,False,False,0,146918921,DV,Deventer,2025-06-26T09:24:00+02:00,0.0,False,2025-06-26T09:25:00+02:00,0.0,False,False,4,4
16260296,2025-06-26,Sprinter,NS,7030,False,False,0,146918922,TWL,Twello,2025-06-26T09:30:00+02:00,0.0,False,2025-06-26T09:30:00+02:00,0.0,False,False,2,2
16260296,2025-06-26,Sprinter,NS,7030,False,False,0,146918923,APDO,Apeldoorn Osseveld,2025-06-26T09:35:00+02:00,1.0,False,2025-06-26T09:35:00+02:00,1.0,False,False,2,2
16260296,2025-06-26,Sprinter,NS,7030,False,False,0,146918924,APD,Apeldoorn,2025-06-26T09:40:00+02:00,0.0,False,,,,False,2,2
16260345,2025-06-26,Intercity,Blauwnet,17930,False,False,0,146919426,HGL,Hengelo,2025-06-26T08:38:00+02:00,1.0,False,2025-06-26T08:39:00+02:00,1.0,False,False,2b,2b
16260345,2025-06-26,Intercity,Blauwnet,17930,False,False,0,146919427,AML,Almelo,2025-06-26T08:49:00+02:00,1.0,False,2025-06-26T08:50:00+02:00,1.0,False,False,4a,4a
16260361,2025-06-26,Stoptrein,Blauwnet,31230,False,False,1,146919603,ODZ,Oldenzaal,,,,2025-06-26T08:33:00+02:00,0.0,False,False,1a,1a
16260361,2025-06-26,Stoptrein,Blauwnet,31230,False,False,0,146919604,HGLO,Hengelo Oost,2025-06-26T08:39:00+02:00,0.0,False,2025-06-26T08:39:00+02:00,0.0,False,False,1,1
16260361,2025-06-26,Stoptrein,Blauwnet,31230,False,False,0,146919605,HGL,Hengelo,2025-06-26T08:43:00+02:00,0.0,False,2025-06-26T08:46:00+02:00,0.0,False,False,2a,2a
16260372,2025-06-26,Sprinter,Blauwnet,7930,False,False,0,146919700,HGL,Hengelo,2025-06-26T08:43:00+02:00,1.0,False,2025-06-26T08:46:00+02:00,0.0,False,False,2b,2b
16260372,2025-06-26,Sprinter,Blauwnet,7930,False,False,0,146919701,BN,Borne,2025-06-26T08:51:00+02:00,0.0,False,2025-06-26T08:51:00+02:00,0.0,False,False,2,2
16260372,2025-06-26,Sprinter,Blauwnet,7930,False,False,0,146919702,AMRI,Almelo de Riet,2025-06-26T08:56:00+02:00,2.0,False,2025-06-26T08:56:00+02:00,2.0,False,False,1,1
16260372,2025-06-26,Sprinter,Blauwnet,7930,False,False,0,146919703,AML,Almelo,2025-06-26T08:59:00+02:00,1.0,False,2025-06-26T09:00:00+02:00,1.0,False,False,4b,4b
16260372,2025-06-26,Sprinter,Blauwnet,7930,False,False,0,146919704,WDN,Wierden,2025-06-26T09:04:00+02:00,1.0,False,2025-06-26T09:07:00+02:00,0.0,False,False,3,3
16260435,2025-06-26,Intercity,NS,1730,False,False,0,146920297,HGL,Hengelo,2025-06-26T08:53:00+02:00,0.0,False,2025-06-26T08:54:00+02:00,2.0,False,False,2a,2a
16260435,2025-06-26,Intercity,NS,1730,False,False,0,146920298,AML,Almelo,2025-06-26T09:05:00+02:00,1.0,False,2025-06-26T09:06:00+02:00,2.0,False,False,4b,4b
16260435,2025-06-26,Intercity,NS,1730,False,False,0,146920299,DV,Deventer,2025-06-26T09:30:00+02:00,0.0,False,2025-06-26T09:33:00+02:00,0.0,False,False,4,4
16260435,2025-06-26,Intercity,NS,1730,False,False,0,146920300,APD,Apeldoorn,2025-06-26T09:43:00+02:00,0.0,False,2025-06-26T09:44:00+02:00,1.0,False,False,1,1
16260435,2025-06-26,Intercity,NS,1730,False,False,0,146920301,AMF,Amersfoort Centraal,2025-06-26T10:08:00+02:00,0.0,False,2025-06-26T10:10:00+02:00,0.0,False,False,6,6
16260486,2025-06-26,Sprinter,NS,7032,False,False,0,146920735,HGL,Hengelo,2025-06-26T09:01:00+02:00,0.0,False,2025-06-26T09:02:00+02:00,0.0,False,False,2a,2a
16260486,2025-06-26,Sprinter,NS,7032,False,False,0,146920736,BN,Borne,2025-06-26T09:07:00+02:00,0.0,False,2025-06-26T09:07:00+02:00,0.0,False,False,2,2
16260486,2025-06-26,Sprinter,NS,7032,False,False,0,146920737,AMRI,Almelo de Riet,2025-06-26T09:12:00+02:00,0.0,False,2025-06-26T09:12:00+02:00,0.0,False,False,1,1
16260486,2025-06-26,Sprinter,NS,7032,False,False,0,146920738,AML,Almelo,2025-06-26T09:15:00+02:00,0.0,False,2025-06-26T09:23:00+02:00,0.0,False,False,4b,4b
16260486,2025-06-26,Sprinter,NS,7032,False,False,0,146920739,WDN,Wierden,2025-06-26T09:28:00+02:00,0.0,False,2025-06-26T09:28:00+02:00,0.0,False,False,2,2
16260486,2025-06-26,Sprinter,NS,7032,False,False,0,146920740,RSN,Rijssen,2025-06-26T09:33:00+02:00,1.0,False,2025-06-26T09:33:00+02:00,1.0,False,False,3,3
16260486,2025-06-26,Sprinter,NS,7032,False,False,0,146920741,HON,Holten,2025-06-26T09:39:00+02:00,0.0,False,2025-06-26T09:39:00+02:00,0.0,False,False,2,2
16260486,2025-06-26,Sprinter,NS,7032,False,False,0,146920742,DVC,Deventer Colmschate,2025-06-26T09:49:00+02:00,0.0,False,2025-06-26T09:49:00+02:00,0.0,False,False,1,1
16260486,2025-06-26,Sprinter,NS,7032,False,False,0,146920743,DV,Deventer,2025-06-26T09:54:00+02:00,0.0,False,2025-06-26T09:55:00+02:00,0.0,False,False,4,4
16260486,2025-06-26,Sprinter,NS,7032,False,False,0,146920744,TWL,Twello,2025-06-26T10:00:00+02:00,0.0,False,2025-06-26T10:00:00+02:00,0.0,False,False,2,2
16260486,2025-06-26,Sprinter,NS,7032,False,False,0,146920745,APDO,Apeldoorn Osseveld,2025-06-26T10:05:00+02:00,0.0,False,2025-06-26T10:05:00+02:00,0.0,False,False,2,2
16260486,2025-06-26,Sprinter,NS,7032,False,False,0,146920746,APD,Apeldoorn,2025-06-26T10:10:00+02:00,0.0,False,,,,False,2,2
16260495,2025-06-26,Sprinter,RRReis,31314,False,False,0,146920822,BNN,Barneveld Noord,2025-06-26T09:17:00+02:00,1.0,False,2025-06-26T09:17:00+02:00,2.0,False,False,1,1
16260495,2025-06-26,Sprinter,RRReis,31314,False,False,0,146920823,HVL,Hoevelaken,2025-06-26T09:24:00+02:00,1.0,False,2025-06-26T09:24:00+02:00,1.0,False,False,1,1
16260495,2025-06-26,Sprinter,RRReis,31314,False,False,0,146920824,AMF,Amersfoort Centraal,2025-06-26T09:30:00+02:00,0.0,False,,,,False,4b,4b
16260548,2025-06-26,Stoptrein,Blauwnet,31232,False,False,6,146921377,ODZ,Oldenzaal,,,,2025-06-26T09:03:00+02:00,3.0,False,True,1a,1b
16260548,2025-06-26,Stoptrein,Blauwnet,31232,False,False,0,146921378,HGLO,Hengelo Oost,2025-06-26T09:09:00+02:00,6.0,False,2025-06-26T09:09:00+02:00,6.0,False,False,1,1
16260548,2025-06-26,Stoptrein,Blauwnet,31232,False,False,0,146921379,HGL,Hengelo,2025-06-26T09:13:00+02:00,5.0,False,2025-06-26T09:16:00+02:00,4.0,False,False,2a,2a
16260557,2025-06-26,Sprinter,Blauwnet,7932,False,False,0,146921474,HGL,Hengelo,2025-06-26T09:13:00+02:00,0.0,False,2025-06-26T09:16:00+02:00,3.0,False,False,2b,2b
16260557,2025-06-26,Sprinter,Blauwnet,7932,False,False,0,146921475,BN,Borne,2025-06-26T09:21:00+02:00,3.0,False,2025-06-26T09:21:00+02:00,3.0,False,False,2,2
16260557,2025-06-26,Sprinter,Blauwnet,7932,False,False,0,146921476,AMRI,Almelo de Riet,2025-06-26T09:26:00+02:00,3.0,False,2025-06-26T09:26:00+02:00,3.0,False,False,1,1
16260557,2025-06-26,Sprinter,Blauwnet,7932,False,False,0,146921477,AML,Almelo,2025-06-26T09:29:00+02:00,2.0,False,2025-06-26T09:30:00+02:00,2.0,False,False,4b,4b
16260557,2025-06-26,Sprinter,Blauwnet,7932,False,False,0,146921478,WDN,Wierden,2025-06-26T09:34:00+02:00,2.0,False,2025-06-26T09:36:00+02:00,1.0,False,False,3,3
16260621,2025-06-26,Intercity,NS,1732,False,False,0,146922111,HGL,Hengelo,2025-06-26T09:23:00+02:00,0.0,False,2025-06-26T09:24:00+02:00,0.0,False,False,2,2
16260621,2025-06-26,Intercity,NS,1732,False,False,0,146922112,AML,Almelo,2025-06-26T09:35:00+02:00,0.0,False,2025-06-26T09:36:00+02:00,1.0,False,False,4,4
16260621,2025-06-26,Intercity,NS,1732,False,False,0,146922113,DV,Deventer,2025-06-26T10:00:00+02:00,0.0,False,2025-06-26T10:03:00+02:00,0.0,False,False,4,4
16260621,2025-06-26,Intercity,NS,1732,False,False,0,146922114,APD,Apeldoorn,2025-06-26T10:13:00+02:00,0.0,False,2025-06-26T10:14:00+02:00,0.0,False,False,1,1
16260621,2025-06-26,Intercity,NS,1732,False,False,0,146922115,AMF,Amersfoort Centraal,2025-06-26T10:38:00+02:00,0.0,False,2025-06-26T10:40:00+02:00,0.0,False,False,6,6
16260638,2025-06-26,Intercity,NS,1530,False,False,1,146922252,DV,Deventer,,,,2025-06-26T09:19:00+02:00,1.0,False,False,3,3
16260638,2025-06-26,Intercity,NS,1530,False,False,0,146922253,APD,Apeldoorn,2025-06-26T09:29:00+02:00,1.0,False,2025-06-26T09:30:00+02:00,1.0,False,False,1,1
16260638,2025-06-26,Intercity,NS,1530,False,False,0,146922254,AMF,Amersfoort Centraal,2025-06-26T09:54:00+02:00,0.0,False,2025-06-26T09:56:00+02:00,0.0,False,False,7,7
16260679,2025-06-26,Sprinter,RRReis,31316,False,False,0,146922635,BNN,Barneveld Noord,2025-06-26T09:47:00+02:00,0.0,False,2025-06-26T09:47:00+02:00,1.0,False,False,1,1
16260679,2025-06-26,Sprinter,RRReis,31316,False,False,0,146922636,HVL,Hoevelaken,2025-06-26T09:54:00+02:00,1.0,False,2025-06-26T09:54:00+02:00,1.0,False,False,1,1
16260679,2025-06-26,Sprinter,RRReis,31316,False,False,0,146922637,AMF,Amersfoort Centraal,2025-06-26T10:00:00+02:00,0.0,False,,,,False,4b,4b
16260680,2025-06-26,Sprinter,RRReis,31418,False,False,0,146922640,BNN,Barneveld Noord,2025-06-26T09:32:00+02:00,0.0,False,2025-06-26T09:32:00+02:00,1.0,False,False,1,1
16260680,2025-06-26,Sprinter,RRReis,31418,False,False,0,146922641,HVL,Hoevelaken,2025-06-26T09:39:00+02:00,1.0,False,2025-06-26T09:39:00+02:00,1.0,False,False,1,1
16260680,2025-06-26,Sprinter,RRReis,31418,False,False,0,146922642,AMF,Amersfoort Centraal,2025-06-26T09:45:00+02:00,1.0,False,,,,False,4b,4b
16260729,2025-06-26,Intercity,Blauwnet,17934,False,False,0,146923137,HGL,Hengelo,2025-06-26T09:38:00+02:00,0.0,False,2025-06-26T09:39:00+02:00,0.0,False,False,2b,2b
16260729,2025-06-26,Intercity,Blauwnet,17934,False,False,0,146923138,AML,Almelo,2025-06-26T09:49:00+02:00,0.0,False,2025-06-26T09:50:00+02:00,0.0,False,False,4a,4a
16260742,2025-06-26,Stoptrein,Blauwnet,31234,False,False,1,146923237,ODZ,Oldenzaal,,,,2025-06-26T09:33:00+02:00,0.0,False,False,1a,1a
16260742,2025-06-26,Stoptrein,Blauwnet,31234,False,False,0,146923238,HGLO,Hengelo Oost,2025-06-26T09:39:00+02:00,0.0,False,2025-06-26T09:39:00+02:00,0.0,False,False,1,1
16260742,2025-06-26,Stoptrein,Blauwnet,31234,False,False,0,146923239,HGL,Hengelo,2025-06-26T09:43:00+02:00,0.0,False,2025-06-26T09:46:00+02:00,0.0,False,False,2a,2a
16260752,2025-06-26,Sprinter,Blauwnet,7934,False,False,0,146923335,HGL,Hengelo,2025-06-26T09:43:00+02:00,0.0,False,2025-06-26T09:46:00+02:00,1.0,False,False,2b,2b
16260752,2025-06-26,Sprinter,Blauwnet,7934,False,False,0,146923336,BN,Borne,2025-06-26T09:51:00+02:00,1.0,False,2025-06-26T09:51:00+02:00,1.0,False,False,2,2
16260752,2025-06-26,Sprinter,Blauwnet,7934,False,False,0,146923337,AMRI,Almelo de Riet,2025-06-26T09:56:00+02:00,1.0,False,2025-06-26T09:56:00+02:00,1.0,False,False,1,1
16260752,2025-06-26,Sprinter,Blauwnet,7934,False,False,0,146923338,AML,Almelo,2025-06-26T09:59:00+02:00,0.0,False,2025-06-26T10:00:00+02:00,0.0,False,False,4b,4b
16260752,2025-06-26,Sprinter,Blauwnet,7934,False,False,0,146923339,WDN,Wierden,2025-06-26T10:04:00+02:00,0.0,False,2025-06-26T10:07:00+02:00,1.0,False,False,3,3
16260808,2025-06-26,Intercity,NS,1734,False,False,0,146923881,HGL,Hengelo,2025-06-26T09:52:00+02:00,0.0,False,2025-06-26T09:54:00+02:00,0.0,False,False,2,2
16260808,2025-06-26,Intercity,NS,1734,False,False,0,146923882,AML,Almelo,2025-06-26T10:05:00+02:00,0.0,False,2025-06-26T10:06:00+02:00,0.0,False,False,4,4
16260808,2025-06-26,Intercity,NS,1734,False,False,0,146923883,DV,Deventer,2025-06-26T10:30:00+02:00,0.0,False,2025-06-26T10:33:00+02:00,0.0,False,False,4,4
16260808,2025-06-26,Intercity,NS,1734,False,False,0,146923884,APD,Apeldoorn,2025-06-26T10:43:00+02:00,0.0,False,2025-06-26T10:44:00+02:00,0.0,False,False,1,1
16260808,2025-06-26,Intercity,NS,1734,False,False,0,146923885,AMF,Amersfoort Centraal,2025-06-26T11:08:00+02:00,0.0,False,2025-06-26T11:10:00+02:00,0.0,False,False,6,6
16260822,2025-06-26,Intercity,NS,1532,False,False,6,146923980,DV,Deventer,,,,2025-06-26T09:48:00+02:00,0.0,False,False,1,1
16260822,2025-06-26,Intercity,NS,1532,False,False,0,146923981,APD,Apeldoorn,2025-06-26T09:58:00+02:00,1.0,False,2025-06-26T10:00:00+02:00,0.0,False,False,1,1
16260822,2025-06-26,Intercity,NS,1532,False,False,0,146923982,AMF,Amersfoort Centraal,2025-06-26T10:24:00+02:00,0.0,False,2025-06-26T10:26:00+02:00,0.0,False,False,7,7
16260867,2025-06-26,Sprinter,NS,7034,False,False,1,146924373,AML,Almelo,,,,2025-06-26T09:53:00+02:00,0.0,False,False,,
16260867,2025-06-26,Sprinter,NS,7034,False,False,0,146924374,WDN,Wierden,2025-06-26T09:58:00+02:00,1.0,False,2025-06-26T09:58:00+02:00,1.0,False,False,2,2
16260867,2025-06-26,Sprinter,NS,7034,False,False,0,146924375,RSN,Rijssen,2025-06-26T10:04:00+02:00,1.0,False,2025-06-26T10:04:00+02:00,1.0,False,False,3,3
16260867,2025-06-26,Sprinter,NS,7034,False,False,0,146924376,HON,Holten,2025-06-26T10:09:00+02:00,0.0,False,2025-06-26T10:09:00+02:00,0.0,False,False,2,2
16260867,2025-06-26,Sprinter,NS,7034,False,False,0,146924377,DVC,Deventer Colmschate,2025-06-26T10:19:00+02:00,0.0,False,2025-06-26T10:19:00+02:00,0.0,False,False,1,1
16260867,2025-06-26,Sprinter,NS,7034,False,False,0,146924378,DV,Deventer,2025-06-26T10:24:00+02:00,0.0,False,2025-06-26T10:25:00+02:00,0.0,False,False,4,4
16260867,2025-06-26,Sprinter,NS,7034,False,False,0,146924379,TWL,Twello,2025-06-26T10:30:00+02:00,0.0,False,2025-06-26T10:30:00+02:00,0.0,False,False,2,2
16260867,2025-06-26,Sprinter,NS,7034,False,False,0,146924380,APDO,Apeldoorn Osseveld,2025-06-26T10:35:00+02:00,1.0,False,2025-06-26T10:35:00+02:00,1.0,False,False,2,2
16260867,2025-06-26,Sprinter,NS,7034,False,False,0,146924381,APD,Apeldoorn,2025-06-26T10:40:00+02:00,0.0,False,,,,False,2,2
16260868,2025-06-26,Sprinter,RRReis,31420,False,False,0,146924384,BNN,Barneveld Noord,2025-06-26T10:02:00+02:00,0.0,False,2025-06-26T10:02:00+02:00,1.0,False,False,1,1
16260868,2025-06-26,Sprinter,RRReis,31420,False,False,0,146924385,HVL,Hoevelaken,2025-06-26T10:09:00+02:00,0.0,False,2025-06-26T10:09:00+02:00,0.0,False,False,1,1
16260868,2025-06-26,Sprinter,RRReis,31420,False,False,0,146924386,AMF,Amersfoort Centraal,2025-06-26T10:15:00+02:00,0.0,False,,,,False,4b,4b
16260875,2025-06-26,Sprinter,RRReis,31318,False,False,0,146924454,BNN,Barneveld Noord,2025-06-26T10:17:00+02:00,0.0,False,2025-06-26T10:17:00+02:00,0.0,False,False,1,1
16260875,2025-06-26,Sprinter,RRReis,31318,False,False,0,146924455,HVL,Hoevelaken,2025-06-26T10:24:00+02:00,0.0,False,2025-06-26T10:24:00+02:00,0.0,False,False,1,1
16260875,2025-06-26,Sprinter,RRReis,31318,False,False,0,146924456,AMF,Amersfoort Centraal,2025-06-26T10:30:00+02:00,0.0,False,,,,False,4b,4b
16261051,2025-06-26,Sprinter,RRReis,31320,False,False,0,146926184,BNN,Barneveld Noord,2025-06-26T10:47:00+02:00,0.0,False,2025-06-26T10:47:00+02:00,1.0,False,False,1,1
16261051,2025-06-26,Sprinter,RRReis,31320,False,False,0,146926185,HVL,Hoevelaken,2025-06-26T10:54:00+02:00,0.0,False,2025-06-26T10:54:00+02:00,0.0,False,False,1,1
16261051,2025-06-26,Sprinter,RRReis,31320,False,False,0,146926186,AMF,Amersfoort Centraal,2025-06-26T11:00:00+02:00,0.0,False,,,,False,4b,4b
16261056,2025-06-26,Sprinter,RRReis,31422,False,False,0,146926233,BNN,Barneveld Noord,2025-06-26T10:32:00+02:00,0.0,False,2025-06-26T10:32:00+02:00,0.0,False,False,1,1
16261056,2025-06-26,Sprinter,RRReis,31422,False,False,0,146926234,HVL,Hoevelaken,2025-06-26T10:39:00+02:00,0.0,False,2025-06-26T10:39:00+02:00,0.0,False,False,1,1
16261056,2025-06-26,Sprinter,RRReis,31422,False,False,0,146926235,AMF,Amersfoort Centraal,2025-06-26T10:45:00+02:00,0.0,False,,,,False,4b,4b
16261237,2025-06-26,Sprinter,RRReis,31424,False,False,0,146927912,BNN,Barneveld Noord,2025-06-26T11:02:00+02:00,0.0,False,2025-06-26T11:02:00+02:00,0.0,False,False,1,1
16261237,2025-06-26,Sprinter,RRReis,31424,False,False,0,146927913,HVL,Hoevelaken,2025-06-26T11:09:00+02:00,0.0,False,2025-06-26T11:09:00+02:00,0.0,False,False,1,1
16261237,2025-06-26,Sprinter,RRReis,31424,False,False,0,146927914,AMF,Amersfoort Centraal,2025-06-26T11:15:00+02:00,0.0,False,,,,False,4b,4b
16527174,2025-08-06,Intercity,NS Int,242,False,False,0,149382850,BH,Bad Bentheim,2025-08-06T07:48:00+02:00,10.0,False,2025-08-06T07:51:00+02:00,9.0,False,False,,
16527174,2025-08-06,Intercity,NS Int,242,False,False,0,149382851,HGL,Hengelo,2025-08-06T08:07:00+02:00,14.0,False,2025-08-06T08:09:00+02:00,13.0,False,False,2,2
16527174,2025-08-06,Intercity,NS Int,242,False,False,0,149382852,DV,Deventer,2025-08-06T08:41:00+02:00,15.0,False,2025-08-06T08:47:00+02:00,11.0,False,False,3,3
16527174,2025-08-06,Intercity,NS Int,242,False,False,0,149382853,APD,Apeldoorn,2025-08-06T08:57:00+02:00,13.0,False,2025-08-06T08:59:00+02:00,13.0,False,False,1,1
16527174,2025-08-06,Intercity,NS Int,242,False,False,0,149382854,AMF,Amersfoort Centraal,2025-08-06T09:24:00+02:00,11.0,False,2025-08-06T09:26:00+02:00,11.0,False,True,7,5a
16527915,2025-08-06,Intercity,NS,3620,False,False,0,149390998,DV,Deventer,2025-08-06T08:45:00+02:00,0.0,False,2025-08-06T08:46:00+02:00,0.0,False,True,4a,4
16528126,2025-08-06,Intercity,NS,3622,False,False,0,149392975,DV,Deventer,2025-08-06T09:15:00+02:00,0.0,False,2025-08-06T09:16:00+02:00,0.0,False,False,4,4
16528217,2025-08-06,Stoptrein,Eurobahn,20358,False,False,0,149393837,BH,Bad Bentheim,2025-08-06T09:03:00+02:00,5.0,False,2025-08-06T09:08:00+02:00,3.0,False,False,,
16528217,2025-08-06,Stoptrein,Eurobahn,20358,False,False,0,149393838,ODZ,Oldenzaal,2025-08-06T09:18:00+02:00,4.0,False,2025-08-06T09:18:00+02:00,4.0,False,False,1a,1a
16528217,2025-08-06,Stoptrein,Eurobahn,20358,False,False,0,149393839,HGL,Hengelo,2025-08-06T09:26:00+02:00,3.0,False,,,,False,11,11
16528329,2025-08-06,Intercity,NS,3624,False,False,0,149394878,DV,Deventer,2025-08-06T09:45:00+02:00,4.0,False,2025-08-06T09:46:00+02:00,4.0,False,False,4,4
16528489,2025-08-06,Sprinter,NS,7028,False,False,0,149396308,HGL,Hengelo,2025-08-06T08:01:00+02:00,0.0,False,2025-08-06T08:02:00+02:00,0.0,False,False,2a,2a
16528489,2025-08-06,Sprinter,NS,7028,False,False,0,149396309,BN,Borne,2025-08-06T08:07:00+02:00,0.0,False,2025-08-06T08:07:00+02:00,0.0,False,False,2,2
16528489,2025-08-06,Sprinter,NS,7028,False,False,0,149396310,AMRI,Almelo de Riet,2025-08-06T08:12:00+02:00,0.0,False,2025-08-06T08:12:00+02:00,0.0,False,False,1,1
16528489,2025-08-06,Sprinter,NS,7028,False,False,0,149396311,AML,Almelo,2025-08-06T08:15:00+02:00,0.0,False,2025-08-06T08:23:00+02:00,0.0,False,False,4b,4b
16528489,2025-08-06,Sprinter,NS,7028,False,False,0,149396312,WDN,Wierden,2025-08-06T08:28:00+02:00,0.0,False,2025-08-06T08:28:00+02:00,0.0,False,False,2,2
16528489,2025-08-06,Sprinter,NS,7028,False,False,0,149396313,RSN,Rijssen,2025-08-06T08:33:00+02:00,1.0,False,2025-08-06T08:33:00+02:00,1.0,False,False,3,3
16528489,2025-08-06,Sprinter,NS,7028,False,False,0,149396314,HON,Holten,2025-08-06T08:39:00+02:00,0.0,False,2025-08-06T08:39:00+02:00,0.0,False,False,2,2
16528489,2025-08-06,Sprinter,NS,7028,False,False,0,149396315,DVC,Deventer Colmschate,2025-08-06T08:49:00+02:00,0.0,False,2025-08-06T08:49:00+02:00,0.0,False,False,1,1
16528489,2025-08-06,Sprinter,NS,7028,False,False,0,149396316,DV,Deventer,2025-08-06T08:54:00+02:00,0.0,False,2025-08-06T08:55:00+02:00,0.0,False,False,4,4
16528489,2025-08-06,Sprinter,NS,7028,False,False,0,149396317,TWL,Twello,2025-08-06T09:00:00+02:00,0.0,False,2025-08-06T09:00:00+02:00,0.0,False,False,2,2
16528489,2025-08-06,Sprinter,NS,7028,False,False,0,149396318,APDO,Apeldoorn Osseveld,2025-08-06T09:05:00+02:00,0.0,False,2025-08-06T09:05:00+02:00,0.0,False,False,2,2
16528489,2025-08-06,Sprinter,NS,7028,False,False,0,149396319,APD,Apeldoorn,2025-08-06T09:10:00+02:00,0.0,False,,,,False,2,2
16528524,2025-08-06,Intercity,NS,3626,False,False,0,149396662,DV,Deventer,2025-08-06T10:15:00+02:00,0.0,False,2025-08-06T10:16:00+02:00,0.0,False,False,4,4
16528551,2025-08-06,Stoptrein,Blauwnet,31228,False,False,1,149396918,ODZ,Oldenzaal,,,,2025-08-06T08:03:00+02:00,0.0,False,False,1b,1b
16528551,2025-08-06,Stoptrein,Blauwnet,31228,False,False,0,149396919,HGLO,Hengelo Oost,2025-08-06T08:09:00+02:00,0.0,False,2025-08-06T08:09:00+02:00,0.0,False,False,1,1
16528551,2025-08-06,Stoptrein,Blauwnet,31228,False,False,0,149396920,HGL,Hengelo,2025-08-06T08:13:00+02:00,0.0,False,2025-08-06T08:16:00+02:00,1.0,False,False,2a,2a
16528562,2025-08-06,Sprinter,Blauwnet,7928,False,False,0,149397041,HGL,Hengelo,2025-08-06T08:13:00+02:00,0.0,False,2025-08-06T08:16:00+02:00,2.0,False,False,2b,2b
16528562,2025-08-06,Sprinter,Blauwnet,7928,False,False,0,149397042,BN,Borne,2025-08-06T08:21:00+02:00,1.0,False,2025-08-06T08:21:00+02:00,1.0,False,False,2,2
16528562,2025-08-06,Sprinter,Blauwnet,7928,False,False,0,149397043,AMRI,Almelo de Riet,2025-08-06T08:26:00+02:00,1.0,False,2025-08-06T08:26:00+02:00,1.0,False,False,1,1
16528562,2025-08-06,Sprinter,Blauwnet,7928,False,False,0,149397044,AML,Almelo,2025-08-06T08:29:00+02:00,0.0,False,2025-08-06T08:30:00+02:00,0.0,False,False,4b,4b
16528562,2025-08-06,Sprinter,Blauwnet,7928,False,False,0,149397045,WDN,Wierden,2025-08-06T08:34:00+02:00,0.0,False,2025-08-06T08:36:00+02:00,0.0,False,False,3,3
16528634,2025-08-06,Intercity,NS,1728,False,False,0,149397686,HGL,Hengelo,2025-08-06T08:23:00+02:00,2.0,False,2025-08-06T08:24:00+02:00,2.0,False,False,2a,2a
16528634,2025-08-06,Intercity,NS,1728,False,False,0,149397687,AML,Almelo,2025-08-06T08:35:00+02:00,1.0,False,2025-08-06T08:36:00+02:00,1.0,False,False,4,4
16528634,2025-08-06,Intercity,NS,1728,False,False,0,149397688,DV,Deventer,2025-08-06T09:00:00+02:00,0.0,False,2025-08-06T09:03:00+02:00,0.0,False,False,4,4
16528634,2025-08-06,Intercity,NS,1728,False,False,0,149397689,APD,Apeldoorn,2025-08-06T09:13:00+02:00,2.0,False,2025-08-06T09:14:00+02:00,3.0,False,False,1,1
16528634,2025-08-06,Intercity,NS,1728,False,False,0,149397690,AMF,Amersfoort Centraal,2025-08-06T09:38:00+02:00,2.0,False,2025-08-06T09:40:00+02:00,2.0,False,False,6,6
16528688,2025-08-06,Sprinter,NS,7030,False,False,0,149398204,HGL,Hengelo,2025-08-06T08:31:00+02:00,0.0,False,2025-08-06T08:32:00+02:00,0.0,False,False,2a,2a
16528688,2025-08-06,Sprinter,NS,7030,False,False,0,149398205,BN,Borne,2025-08-06T08:37:00+02:00,0.0,False,2025-08-06T08:37:00+02:00,0.0,False,False,2,2
16528688,2025-08-06,Sprinter,NS,7030,False,False,0,149398206,AMRI,Almelo de Riet,2025-08-06T08:42:00+02:00,0.0,False,2025-08-06T08:42:00+02:00,0.0,False,False,1,1
16528688,2025-08-06,Sprinter,NS,7030,False,False,0,149398207,AML,Almelo,2025-08-06T08:45:00+02:00,0.0,False,2025-08-06T08:53:00+02:00,0.0,False,False,4b,4b
16528688,2025-08-06,Sprinter,NS,7030,False,False,0,149398208,WDN,Wierden,2025-08-06T08:58:00+02:00,0.0,False,2025-08-06T08:58:00+02:00,0.0,False,False,2,2
16528688,2025-08-06,Sprinter,NS,7030,False,False,0,149398209,RSN,Rijssen,2025-08-06T09:03:00+02:00,1.0,False,2025-08-06T09:03:00+02:00,1.0,False,False,3,3
16528688,2025-08-06,Sprinter,NS,7030,False,False,0,149398210,HON,Holten,2025-08-06T09:09:00+02:00,1.0,False,2025-08-06T09:09:00+02:00,1.0,False,False,2,2
16528688,2025-08-06,Sprinter,NS,7030,False,False,0,149398211,DVC,Deventer Colmschate,2025-08-06T09:19:00+02:00,0.0,False,2025-08-06T09:19:00+02:00,0.0,False,False,1,1
16528688,2025-08-06,Sprinter,NS,7030,False,False,0,149398212,DV,Deventer,2025-08-06T09:24:00+02:00,0.0,False,2025-08-06T09:25:00+02:00,0.0,False,False,4,4
16528688,2025-08-06,Sprinter,NS,7030,False,False,0,149398213,TWL,Twello,2025-08-06T09:30:00+02:00,0.0,False,2025-08-06T09:30:00+02:00,0.0,False,False,2,2
16528688,2025-08-06,Sprinter,NS,7030,False,False,0,149398214,APDO,Apeldoorn Osseveld,2025-08-06T09:35:00+02:00,1.0,False,2025-08-06T09:35:00+02:00,1.0,False,False,2,2
16528688,2025-08-06,Sprinter,NS,7030,False,False,0,149398215,APD,Apeldoorn,2025-08-06T09:40:00+02:00,0.0,False,,,,False,2,2
16528746,2025-08-06,Stoptrein,Blauwnet,31230,False,False,1,149398740,ODZ,Oldenzaal,,,,2025-08-06T08:33:00+02:00,0.0,False,False,1a,1a
16528746,2025-08-06,Stoptrein,Blauwnet,31230,False,False,0,149398741,HGLO,Hengelo Oost,2025-08-06T08:39:00+02:00,0.0,False,2025-08-06T08:39:00+02:00,0.0,False,False,1,1
16528746,2025-08-06,Stoptrein,Blauwnet,31230,False,False,0,149398742,HGL,Hengelo,2025-08-06T08:43:00+02:00,0.0,False,2025-08-06T08:46:00+02:00,0.0,False,False,2a,2a
16528877,2025-08-06,Sprinter,RRReis,31314,False,False,0,149399951,BNN,Barneveld Noord,2025-08-06T09:17:00+02:00,0.0,False,2025-08-06T09:17:00+02:00,1.0,False,False,1,1
16528877,2025-08-06,Sprinter,RRReis,31314,False,False,0,149399952,HVL,Hoevelaken,2025-08-06T09:24:00+02:00,0.0,False,2025-08-06T09:24:00+02:00,0.0,False,False,1,1
16528877,2025-08-06,Sprinter,RRReis,31314,False,False,0,149399953,AMF,Amersfoort Centraal,2025-08-06T09:30:00+02:00,0.0,False,,,,False,4b,4b
16528930,2025-08-06,Stoptrein,Blauwnet,31232,False,False,2,149400474,ODZ,Oldenzaal,,,,2025-08-06T09:03:00+02:00,2.0,False,False,1a,1a
16528930,2025-08-06,Stoptrein,Blauwnet,31232,False,False,0,149400475,HGLO,Hengelo Oost,2025-08-06T09:09:00+02:00,1.0,False,2025-08-06T09:09:00+02:00,1.0,False,False,1,1
16528930,2025-08-06,Stoptrein,Blauwnet,31232,False,False,0,149400476,HGL,Hengelo,2025-08-06T09:13:00+02:00,1.0,False,2025-08-06T09:16:00+02:00,0.0,False,False,2a,2a
16529028,2025-08-06,Intercity,NS,1530,False,False,5,149401412,DV,Deventer,,,,2025-08-06T09:19:00+02:00,1.0,False,False,3,3
16529028,2025-08-06,Intercity,NS,1530,False,False,0,149401413,APD,Apeldoorn,2025-08-06T09:29:00+02:00,0.0,False,2025-08-06T09:30:00+02:00,1.0,False,False,1,1
16529028,2025-08-06,Intercity,NS,1530,False,False,0,149401414,AMF,Amersfoort Centraal,2025-08-06T09:54:00+02:00,3.0,False,2025-08-06T09:56:00+02:00,2.0,False,False,7,7
16529063,2025-08-06,Sprinter,RRReis,31316,False,False,0,149401751,BNN,Barneveld Noord,2025-08-06T09:47:00+02:00,0.0,False,2025-08-06T09:47:00+02:00,1.0,False,False,1,1
16529063,2025-08-06,Sprinter,RRReis,31316,False,False,0,149401752,HVL,Hoevelaken,2025-08-06T09:54:00+02:00,1.0,False,2025-08-06T09:54:00+02:00,1.0,False,False,1,1
16529063,2025-08-06,Sprinter,RRReis,31316,False,False,0,149401753,AMF,Amersfoort Centraal,2025-08-06T10:00:00+02:00,0.0,False,,,,False,4b,4b
16529122,2025-08-06,Stoptrein,Blauwnet,31234,False,False,1,149402294,ODZ,Oldenzaal,,,,2025-08-06T09:33:00+02:00,0.0,False,False,1a,1a
16529122,2025-08-06,Stoptrein,Blauwnet,31234,False,False,0,149402295,HGLO,Hengelo Oost,2025-08-06T09:39:00+02:00,0.0,False,2025-08-06T09:39:00+02:00,0.0,False,False,1,1
16529122,2025-08-06,Stoptrein,Blauwnet,31234,False,False,0,149402296,HGL,Hengelo,2025-08-06T09:43:00+02:00,0.0,False,2025-08-06T09:46:00+02:00,0.0,False,False,2a,2a
16529135,2025-08-06,Sprinter,Blauwnet,7934,False,False,0,149402428,HGL,Hengelo,2025-08-06T09:43:00+02:00,1.0,False,2025-08-06T09:46:00+02:00,0.0,False,False,2b,2b
16529135,2025-08-06,Sprinter,Blauwnet,7934,False,False,0,149402429,BN,Borne,2025-08-06T09:51:00+02:00,0.0,False,2025-08-06T09:51:00+02:00,0.0,False,False,2,2
16529135,2025-08-06,Sprinter,Blauwnet,7934,False,False,0,149402430,AMRI,Almelo de Riet,2025-08-06T09:56:00+02:00,1.0,False,2025-08-06T09:56:00+02:00,1.0,False,False,1,1
16529135,2025-08-06,Sprinter,Blauwnet,7934,False,False,0,149402431,AML,Almelo,2025-08-06T09:59:00+02:00,0.0,False,2025-08-06T10:00:00+02:00,1.0,False,False,4b,4b
16529135,2025-08-06,Sprinter,Blauwnet,7934,False,False,0,149402432,WDN,Wierden,2025-08-06T10:04:00+02:00,1.0,False,2025-08-06T10:07:00+02:00,0.0,False,False,3,3
16529202,2025-08-06,Intercity,NS,1532,False,False,4,149403023,DV,Deventer,,,,2025-08-06T09:48:00+02:00,1.0,False,False,1,1
16529202,2025-08-06,Intercity,NS,1532,False,False,0,149403024,APD,Apeldoorn,2025-08-06T09:58:00+02:00,3.0,False,2025-08-06T10:00:00+02:00,3.0,False,False,1,1
16529202,2025-08-06,Intercity,NS,1532,False,False,0,149403025,AMF,Amersfoort Centraal,2025-08-06T10:24:00+02:00,4.0,False,2025-08-06T10:26:00+02:00,3.0,False,False,7,7
16529245,2025-08-06,Sprinter,RRReis,31318,False,False,0,149403430,BNN,Barneveld Noord,2025-08-06T10:17:00+02:00,0.0,False,2025-08-06T10:17:00+02:00,1.0,False,False,1,1
16529245,2025-08-06,Sprinter,RRReis,31318,False,False,0,149403431,HVL,Hoevelaken,2025-08-06T10:24:00+02:00,1.0,False,2025-08-06T10:24:00+02:00,1.0,False,False,1,1
16529245,2025-08-06,Sprinter,RRReis,31318,False,False,0,149403432,AMF,Amersfoort Centraal,2025-08-06T10:30:00+02:00,1.0,False,,,,False,4b,4b
16529247,2025-08-06,Sprinter,NS,7034,False,False,1,149403448,AML,Almelo,,,,2025-08-06T09:53:00+02:00,1.0,False,False,,
16529247,2025-08-06,Sprinter,NS,7034,False,False,0,149403449,WDN,Wierden,2025-08-06T09:58:00+02:00,1.0,False,2025-08-06T09:58:00+02:00,1.0,False,False,2,2
16529247,2025-08-06,Sprinter,NS,7034,False,False,0,149403450,RSN,Rijssen,2025-08-06T10:04:00+02:00,0.0,False,2025-08-06T10:04:00+02:00,0.0,False,False,3,3
16529247,2025-08-06,Sprinter,NS,7034,False,False,0,149403451,HON,Holten,2025-08-06T10:09:00+02:00,0.0,False,2025-08-06T10:09:00+02:00,0.0,False,False,2,2
16529247,2025-08-06,Sprinter,NS,7034,False,False,0,149403452,DVC,Deventer Colmschate,2025-08-06T10:19:00+02:00,0.0,False,2025-08-06T10:19:00+02:00,0.0,False,False,1,1
16529247,2025-08-06,Sprinter,NS,7034,False,False,0,149403453,DV,Deventer,2025-08-06T10:24:00+02:00,0.0,False,2025-08-06T10:25:00+02:00,1.0,False,False,4,4
16529247,2025-08-06,Sprinter,NS,7034,False,False,0,149403454,TWL,Twello,2025-08-06T10:30:00+02:00,1.0,False,2025-08-06T10:30:00+02:00,1.0,False,False,2,2
16529247,2025-08-06,Sprinter,NS,7034,False,False,0,149403455,APDO,Apeldoorn Osseveld,2025-08-06T10:35:00+02:00,0.0,False,2025-08-06T10:35:00+02:00,0.0,False,False,2,2
16529247,2025-08-06,Sprinter,NS,7034,False,False,0,149403456,APD,Apeldoorn,2025-08-06T10:40:00+02:00,0.0,False,,,,False,2,2
16529431,2025-08-06,Sprinter,RRReis,31320,False,False,0,149405240,BNN,Barneveld Noord,2025-08-06T10:47:00+02:00,0.0,False,2025-08-06T10:47:00+02:00,1.0,False,False,1,1
16529431,2025-08-06,Sprinter,RRReis,31320,False,False,0,149405241,HVL,Hoevelaken,2025-08-06T10:54:00+02:00,0.0,False,2025-08-06T10:54:00+02:00,0.0,False,False,1,1
16529431,2025-08-06,Sprinter,RRReis,31320,False,False,0,149405242,AMF,Amersfoort Centraal,2025-08-06T11:00:00+02:00,0.0,False,,,,False,4b,4b
16965272,2025-10-12,Intercity,NS Int,242,False,False,0,153457783,BH,Bad Bentheim,2025-10-12T07:48:00+02:00,10.0,False,2025-10-12T07:51:00+02:00,9.0,False,False,,
16965272,2025-10-12,Intercity,NS Int,242,False,False,0,153457784,HGL,Hengelo,2025-10-12T08:07:00+02:00,12.0,False,2025-10-12T08:09:00+02:00,12.0,False,False,2,2
16965272,2025-10-12,Intercity,NS Int,242,False,False,0,153457785,DV,Deventer,2025-10-12T08:41:00+02:00,14.0,False,2025-10-12T08:47:00+02:00,9.0,False,False,3,3
16965272,2025-10-12,Intercity,NS Int,242,False,False,0,153457786,APD,Apeldoorn,2025-10-12T08:57:00+02:00,8.0,False,2025-10-12T08:59:00+02:00,8.0,False,False,1,1
16965272,2025-10-12,Intercity,NS Int,242,False,False,0,153457787,AMF,Amersfoort Centraal,2025-10-12T09:24:00+02:00,8.0,False,2025-10-12T09:26:00+02:00,7.0,False,True,7,6
16965286,2025-10-12,Stoptrein,Eurobahn,20354,False,False,0,153457875,BH,Bad Bentheim,2025-10-12T08:03:00+02:00,5.0,False,2025-10-12T08:08:00+02:00,1.0,False,False,,
16965286,2025-10-12,Stoptrein,Eurobahn,20354,False,False,0,153457876,ODZ,Oldenzaal,2025-10-12T08:18:00+02:00,0.0,False,2025-10-12T08:18:00+02:00,0.0,False,False,1a,1a
16965286,2025-10-12,Stoptrein,Eurobahn,20354,False,False,0,153457877,HGL,Hengelo,2025-10-12T08:26:00+02:00,0.0,False,,,,False,11,11
16965426,2025-10-12,Stoptrein,Eurobahn,20358,False,False,0,153458871,BH,Bad Bentheim,2025-10-12T09:03:00+02:00,14.0,False,2025-10-12T09:08:00+02:00,11.0,False,False,,
16965426,2025-10-12,Stoptrein,Eurobahn,20358,False,False,0,153458872,ODZ,Oldenzaal,2025-10-12T09:18:00+02:00,10.0,False,2025-10-12T09:18:00+02:00,10.0,False,False,1a,1a
16965426,2025-10-12,Stoptrein,Eurobahn,20358,False,False,0,153458873,HGL,Hengelo,2025-10-12T09:26:00+02:00,9.0,False,,,,False,11,11
16965675,2025-10-12,Intercity,NS,3622,False,False,0,153460707,DV,Deventer,2025-10-12T09:15:00+02:00,3.0,False,2025-10-12T09:16:00+02:00,3.0,False,False,4,4
16965681,2025-10-12,Intercity,NS,3620,False,False,0,153460762,DV,Deventer,2025-10-12T08:45:00+02:00,0.0,False,2025-10-12T08:46:00+02:00,0.0,False,False,4a,4a
16965732,2025-10-12,Sprinter,Blauwnet,7928,False,False,0,153461146,HGL,Hengelo,2025-10-12T08:13:00+02:00,0.0,False,2025-10-12T08:16:00+02:00,0.0,False,False,2b,2b
16965732,2025-10-12,Sprinter,Blauwnet,7928,False,False,0,153461147,BN,Borne,2025-10-12T08:21:00+02:00,0.0,False,2025-10-12T08:21:00+02:00,0.0,False,False,2,2
16965732,2025-10-12,Sprinter,Blauwnet,7928,False,False,0,153461148,AMRI,Almelo de Riet,2025-10-12T08:26:00+02:00,0.0,False,2025-10-12T08:26:00+02:00,0.0,False,False,1,1
16965732,2025-10-12,Sprinter,Blauwnet,7928,False,False,0,153461149,AML,Almelo,2025-10-12T08:29:00+02:00,0.0,False,2025-10-12T08:30:00+02:00,0.0,False,False,4b,4b
16965732,2025-10-12,Sprinter,Blauwnet,7928,False,False,0,153461150,WDN,Wierden,2025-10-12T08:34:00+02:00,0.0,False,2025-10-12T08:36:00+02:00,0.0,False,False,3,3
16965798,2025-10-12,Intercity,NS,1728,False,False,0,153461647,HGL,Hengelo,2025-10-12T08:23:00+02:00,0.0,False,2025-10-12T08:24:00+02:00,1.0,False,True,2a,3a
16965798,2025-10-12,Intercity,NS,1728,False,False,0,153461648,AML,Almelo,2025-10-12T08:35:00+02:00,0.0,False,2025-10-12T08:36:00+02:00,0.0,False,False,4,4
16965798,2025-10-12,Intercity,NS,1728,False,False,0,153461649,DV,Deventer,2025-10-12T09:00:00+02:00,0.0,False,2025-10-12T09:03:00+02:00,0.0,False,False,4,4
16965798,2025-10-12,Intercity,NS,1728,False,False,0,153461650,APD,Apeldoorn,2025-10-12T09:13:00+02:00,0.0,False,2025-10-12T09:14:00+02:00,0.0,False,False,1,1
16965798,2025-10-12,Intercity,NS,1728,False,False,0,153461651,AMF,Amersfoort Centraal,2025-10-12T09:38:00+02:00,0.0,False,2025-10-12T09:40:00+02:00,0.0,False,False,6,6
16965861,2025-10-12,Intercity,NS,3624,False,False,0,153462159,DV,Deventer,2025-10-12T09:45:00+02:00,0.0,False,2025-10-12T09:46:00+02:00,1.0,False,False,4,4
16965905,2025-10-12,Stoptrein,Blauwnet,31230,False,False,1,153462462,ODZ,Oldenzaal,,,,2025-10-12T08:33:00+02:00,0.0,False,False,1a,1a
16965905,2025-10-12,Stoptrein,Blauwnet,31230,False,False,0,153462463,HGLO,Hengelo Oost,2025-10-12T08:39:00+02:00,0.0,False,2025-10-12T08:39:00+02:00,0.0,False,False,1,1
16965905,2025-10-12,Stoptrein,Blauwnet,31230,False,False,0,153462464,HGL,Hengelo,2025-10-12T08:43:00+02:00,0.0,False,2025-10-12T08:46:00+02:00,0.0,False,False,2a,2a
16965915,2025-10-12,Sprinter,Blauwnet,7930,False,False,0,153462551,HGL,Hengelo,2025-10-12T08:43:00+02:00,1.0,False,2025-10-12T08:46:00+02:00,0.0,False,False,2b,2b
16965915,2025-10-12,Sprinter,Blauwnet,7930,False,False,0,153462552,BN,Borne,2025-10-12T08:51:00+02:00,0.0,False,2025-10-12T08:51:00+02:00,0.0,False,False,2,2
16965915,2025-10-12,Sprinter,Blauwnet,7930,False,False,0,153462553,AMRI,Almelo de Riet,2025-10-12T08:56:00+02:00,0.0,False,2025-10-12T08:56:00+02:00,0.0,False,False,1,1
16965915,2025-10-12,Sprinter,Blauwnet,7930,False,False,0,153462554,AML,Almelo,2025-10-12T08:59:00+02:00,0.0,False,2025-10-12T09:00:00+02:00,0.0,False,False,4b,4b
16965915,2025-10-12,Sprinter,Blauwnet,7930,False,False,0,153462555,WDN,Wierden,2025-10-12T09:04:00+02:00,0.0,False,2025-10-12T09:07:00+02:00,0.0,False,False,3,3
16965974,2025-10-12,Intercity,NS,1730,False,False,0,153462966,HGL,Hengelo,2025-10-12T08:53:00+02:00,0.0,False,2025-10-12T08:54:00+02:00,0.0,False,False,2a,2a
16965974,2025-10-12,Intercity,NS,1730,False,False,0,153462967,AML,Almelo,2025-10-12T09:05:00+02:00,0.0,False,2025-10-12T09:06:00+02:00,0.0,False,False,4,4
16965974,2025-10-12,Intercity,NS,1730,False,False,0,153462968,DV,Deventer,2025-10-12T09:30:00+02:00,0.0,False,2025-10-12T09:33:00+02:00,0.0,False,False,4,4
16965974,2025-10-12,Intercity,NS,1730,False,False,0,153462969,APD,Apeldoorn,2025-10-12T09:43:00+02:00,0.0,False,2025-10-12T09:44:00+02:00,0.0,False,False,1,1
16965974,2025-10-12,Intercity,NS,1730,False,False,0,153462970,AMF,Amersfoort Centraal,2025-10-12T10:08:00+02:00,0.0,False,2025-10-12T10:10:00+02:00,0.0,False,False,6,6
16966022,2025-10-12,Sprinter,RRReis,31314,False,False,0,153463329,BNN,Barneveld Noord,2025-10-12T09:17:00+02:00,0.0,False,2025-10-12T09:17:00+02:00,0.0,False,False,1,1
16966022,2025-10-12,Sprinter,RRReis,31314,False,False,0,153463330,HVL,Hoevelaken,2025-10-12T09:24:00+02:00,0.0,False,2025-10-12T09:24:00+02:00,0.0,False,False,1,1
16966022,2025-10-12,Sprinter,RRReis,31314,False,False,0,153463331,AMF,Amersfoort Centraal,2025-10-12T09:30:00+02:00,0.0,False,,,,False,4b,4b
16966023,2025-10-12,Sprinter,NS,7030,False,False,0,153463332,AML,Almelo,,,,2025-10-12T08:53:00+02:00,0.0,False,False,,
16966023,2025-10-12,Sprinter,NS,7030,False,False,0,153463333,WDN,Wierden,2025-10-12T08:58:00+02:00,0.0,False,2025-10-12T08:58:00+02:00,0.0,False,False,2,2
16966023,2025-10-12,Sprinter,NS,7030,False,False,0,153463334,RSN,Rijssen,2025-10-12T09:04:00+02:00,0.0,False,2025-10-12T09:04:00+02:00,0.0,False,False,3,3
16966023,2025-10-12,Sprinter,NS,7030,False,False,0,153463335,HON,Holten,2025-10-12T09:09:00+02:00,0.0,False,2025-10-12T09:09:00+02:00,0.0,False,False,2,2
16966023,2025-10-12,Sprinter,NS,7030,False,False,0,153463336,DVC,Deventer Colmschate,2025-10-12T09:19:00+02:00,0.0,False,2025-10-12T09:19:00+02:00,0.0,False,False,1,1
16966023,2025-10-12,Sprinter,NS,7030,False,False,0,153463337,DV,Deventer,2025-10-12T09:24:00+02:00,0.0,False,2025-10-12T09:25:00+02:00,0.0,False,True,4,3
16966023,2025-10-12,Sprinter,NS,7030,False,False,0,153463338,TWL,Twello,2025-10-12T09:30:00+02:00,0.0,False,2025-10-12T09:30:00+02:00,0.0,False,False,2,2
16966023,2025-10-12,Sprinter,NS,7030,False,False,0,153463339,APDO,Apeldoorn Osseveld,2025-10-12T09:35:00+02:00,0.0,False,2025-10-12T09:35:00+02:00,0.0,False,False,2,2
16966023,2025-10-12,Sprinter,NS,7030,False,False,0,153463340,APD,Apeldoorn,2025-10-12T09:40:00+02:00,0.0,False,,,,False,2,2
16966032,2025-10-12,Intercity,NS,3626,False,False,0,153463430,DV,Deventer,2025-10-12T10:15:00+02:00,0.0,False,2025-10-12T10:16:00+02:00,0.0,False,False,4,4
16966079,2025-10-12,Sprinter,Blauwnet,7932,False,False,0,153463766,HGL,Hengelo,2025-10-12T09:13:00+02:00,0.0,False,2025-10-12T09:16:00+02:00,0.0,False,False,2b,2b
16966079,2025-10-12,Sprinter,Blauwnet,7932,False,False,0,153463767,BN,Borne,2025-10-12T09:21:00+02:00,0.0,False,2025-10-12T09:21:00+02:00,0.0,False,False,2,2
16966079,2025-10-12,Sprinter,Blauwnet,7932,False,False,0,153463768,AMRI,Almelo de Riet,2025-10-12T09:26:00+02:00,0.0,False,2025-10-12T09:26:00+02:00,0.0,False,False,1,1
16966079,2025-10-12,Sprinter,Blauwnet,7932,False,False,0,153463769,AML,Almelo,2025-10-12T09:29:00+02:00,0.0,False,2025-10-12T09:30:00+02:00,0.0,False,False,4b,4b
16966079,2025-10-12,Sprinter,Blauwnet,7932,False,False,0,153463770,WDN,Wierden,2025-10-12T09:34:00+02:00,0.0,False,2025-10-12T09:36:00+02:00,0.0,False,False,3,3
16966147,2025-10-12,Intercity,NS,1732,False,False,0,153464266,HGL,Hengelo,2025-10-12T09:23:00+02:00,1.0,False,2025-10-12T09:24:00+02:00,1.0,False,False,2,2
16966147,2025-10-12,Intercity,NS,1732,False,False,0,153464267,AML,Almelo,2025-10-12T09:35:00+02:00,0.0,False,2025-10-12T09:36:00+02:00,0.0,False,False,4,4
16966147,2025-10-12,Intercity,NS,1732,False,False,0,153464268,DV,Deventer,2025-10-12T10:00:00+02:00,0.0,False,2025-10-12T10:03:00+02:00,0.0,False,False,4,4
16966147,2025-10-12,Intercity,NS,1732,False,False,0,153464269,APD,Apeldoorn,2025-10-12T10:13:00+02:00,0.0,False,2025-10-12T10:14:00+02:00,0.0,False,False,1,1
16966147,2025-10-12,Intercity,NS,1732,False,False,0,153464270,AMF,Amersfoort Centraal,2025-10-12T10:38:00+02:00,0.0,False,2025-10-12T10:40:00+02:00,0.0,False,False,6,6
16966203,2025-10-12,Sprinter,RRReis,31316,False,False,0,153464724,BNN,Barneveld Noord,2025-10-12T09:47:00+02:00,0.0,False,2025-10-12T09:47:00+02:00,1.0,False,False,1,1
16966203,2025-10-12,Sprinter,RRReis,31316,False,False,0,153464725,HVL,Hoevelaken,2025-10-12T09:54:00+02:00,0.0,False,2025-10-12T09:54:00+02:00,0.0,False,False,1,1
16966203,2025-10-12,Sprinter,RRReis,31316,False,False,0,153464726,AMF,Amersfoort Centraal,2025-10-12T10:00:00+02:00,0.0,False,,,,False,4b,4b
16966257,2025-10-12,Stoptrein,Blauwnet,31234,False,False,1,153465119,ODZ,Oldenzaal,,,,2025-10-12T09:33:00+02:00,0.0,False,True,1a,2
16966257,2025-10-12,Stoptrein,Blauwnet,31234,False,False,0,153465120,HGLO,Hengelo Oost,2025-10-12T09:39:00+02:00,0.0,False,2025-10-12T09:39:00+02:00,0.0,False,False,1,1
16966257,2025-10-12,Stoptrein,Blauwnet,31234,False,False,0,153465121,HGL,Hengelo,2025-10-12T09:43:00+02:00,0.0,False,2025-10-12T09:46:00+02:00,0.0,False,False,2a,2a
16966268,2025-10-12,Sprinter,Blauwnet,7934,False,False,0,153465221,HGL,Hengelo,2025-10-12T09:43:00+02:00,0.0,False,2025-10-12T09:46:00+02:00,0.0,False,False,2b,2b
16966268,2025-10-12,Sprinter,Blauwnet,7934,False,False,0,153465222,BN,Borne,2025-10-12T09:51:00+02:00,0.0,False,2025-10-12T09:51:00+02:00,0.0,False,False,2,2
16966268,2025-10-12,Sprinter,Blauwnet,7934,False,False,0,153465223,AMRI,Almelo de Riet,2025-10-12T09:56:00+02:00,0.0,False,2025-10-12T09:56:00+02:00,0.0,False,False,1,1
16966268,2025-10-12,Sprinter,Blauwnet,7934,False,False,0,153465224,AML,Almelo,2025-10-12T09:59:00+02:00,0.0,False,2025-10-12T10:00:00+02:00,0.0,False,False,4b,4b
16966268,2025-10-12,Sprinter,Blauwnet,7934,False,False,0,153465225,WDN,Wierden,2025-10-12T10:04:00+02:00,0.0,False,2025-10-12T10:07:00+02:00,0.0,False,False,3,3
16966326,2025-10-12,Intercity,NS,1734,False,False,0,153465635,HGL,Hengelo,2025-10-12T09:52:00+02:00,0.0,False,2025-10-12T09:54:00+02:00,0.0,False,False,2a,2a
16966326,2025-10-12,Intercity,NS,1734,False,False,0,153465636,AML,Almelo,2025-10-12T10:05:00+02:00,0.0,False,2025-10-12T10:06:00+02:00,0.0,False,False,4,4
16966326,2025-10-12,Intercity,NS,1734,False,False,0,153465637,DV,Deventer,2025-10-12T10:30:00+02:00,0.0,False,2025-10-12T10:33:00+02:00,0.0,False,False,4,4
16966326,2025-10-12,Intercity,NS,1734,False,False,0,153465638,APD,Apeldoorn,2025-10-12T10:43:00+02:00,0.0,False,2025-10-12T10:44:00+02:00,0.0,False,False,1,1
16966326,2025-10-12,Intercity,NS,1734,False,False,0,153465639,AMF,Amersfoort Centraal,2025-10-12T11:08:00+02:00,0.0,False,2025-10-12T11:10:00+02:00,0.0,False,False,6,6
16966339,2025-10-12,Intercity,NS,1532,False,False,2,153465697,DV,Deventer,,,,2025-10-12T09:48:00+02:00,2.0,False,True,3,1
16966339,2025-10-12,Intercity,NS,1532,False,False,0,153465698,APD,Apeldoorn,2025-10-12T09:58:00+02:00,1.0,False,2025-10-12T10:00:00+02:00,0.0,False,False,1,1
16966339,2025-10-12,Intercity,NS,1532,False,False,0,153465699,AMF,Amersfoort Centraal,2025-10-12T10:24:00+02:00,0.0,False,2025-10-12T10:26:00+02:00,0.0,False,False,7,7
16966383,2025-10-12,Sprinter,RRReis,31318,False,False,0,153466046,BNN,Barneveld Noord,2025-10-12T10:17:00+02:00,0.0,False,2025-10-12T10:17:00+02:00,1.0,False,False,1,1
16966383,2025-10-12,Sprinter,RRReis,31318,False,False,0,153466047,HVL,Hoevelaken,2025-10-12T10:24:00+02:00,0.0,False,2025-10-12T10:24:00+02:00,0.0,False,False,1,1
16966383,2025-10-12,Sprinter,RRReis,31318,False,False,0,153466048,AMF,Amersfoort Centraal,2025-10-12T10:30:00+02:00,0.0,False,,,,False,4b,4b
16966384,2025-10-12,Sprinter,NS,7034,False,False,0,153466049,AML,Almelo,,,,2025-10-12T09:53:00+02:00,0.0,False,False,,
16966384,2025-10-12,Sprinter,NS,7034,False,False,0,153466050,WDN,Wierden,2025-10-12T09:58:00+02:00,0.0,False,2025-10-12T09:58:00+02:00,0.0,False,False,2,2
16966384,2025-10-12,Sprinter,NS,7034,False,False,0,153466051,RSN,Rijssen,2025-10-12T10:04:00+02:00,0.0,False,2025-10-12T10:04:00+02:00,0.0,False,False,3,3
16966384,2025-10-12,Sprinter,NS,7034,False,False,0,153466052,HON,Holten,2025-10-12T10:09:00+02:00,0.0,False,2025-10-12T10:09:00+02:00,0.0,False,False,2,2
16966384,2025-10-12,Sprinter,NS,7034,False,False,0,153466053,DVC,Deventer Colmschate,2025-10-12T10:19:00+02:00,0.0,False,2025-10-12T10:19:00+02:00,0.0,False,False,1,1
16966384,2025-10-12,Sprinter,NS,7034,False,False,0,153466054,DV,Deventer,2025-10-12T10:24:00+02:00,0.0,False,2025-10-12T10:25:00+02:00,0.0,False,False,4,4
16966384,2025-10-12,Sprinter,NS,7034,False,False,0,153466055,TWL,Twello,2025-10-12T10:30:00+02:00,0.0,False,2025-10-12T10:30:00+02:00,0.0,False,False,2,2
16966384,2025-10-12,Sprinter,NS,7034,False,False,0,153466056,APDO,Apeldoorn Osseveld,2025-10-12T10:35:00+02:00,0.0,False,2025-10-12T10:35:00+02:00,0.0,False,False,2,2
16966384,2025-10-12,Sprinter,NS,7034,False,False,0,153466057,APD,Apeldoorn,2025-10-12T10:40:00+02:00,0.0,False,,,,False,2,2
16966390,2025-10-12,Intercity,NS,1530,False,False,0,153466125,AMF,Amersfoort Centraal,,,,2025-10-12T09:54:00+02:00,0.0,False,False,5a,5a
16966583,2025-10-12,Sprinter,RRReis,31320,False,False,0,153467597,BNN,Barneveld Noord,2025-10-12T10:47:00+02:00,0.0,False,2025-10-12T10:47:00+02:00,0.0,False,False,1,1
16966583,2025-10-12,Sprinter,RRReis,31320,False,False,0,153467598,HVL,Hoevelaken,2025-10-12T10:54:00+02:00,0.0,False,2025-10-12T10:54:00+02:00,0.0,False,False,1,1
16966583,2025-10-12,Sprinter,RRReis,31320,False,False,0,153467599,AMF,Amersfoort Centraal,2025-10-12T11:00:00+02:00,0.0,False,,,,False,4b,4b
16972295,2025-10-13,Intercity,NS Int,242,False,False,0,153511872,BH,Bad Bentheim,2025-10-13T07:48:00+02:00,9.0,False,2025-10-13T07:51:00+02:00,9.0,False,False,,
16972295,2025-10-13,Intercity,NS Int,242,False,False,0,153511873,HGL,Hengelo,2025-10-13T08:07:00+02:00,13.0,False,2025-10-13T08:09:00+02:00,13.0,False,False,2,2
16972295,2025-10-13,Intercity,NS Int,242,False,False,0,153511874,DV,Deventer,2025-10-13T08:41:00+02:00,16.0,False,2025-10-13T08:47:00+02:00,11.0,False,True,3,4
16972295,2025-10-13,Intercity,NS Int,242,False,False,0,153511875,APD,Apeldoorn,2025-10-13T08:57:00+02:00,14.0,False,2025-10-13T08:59:00+02:00,13.0,False,False,1,1
16972295,2025-10-13,Intercity,NS Int,242,False,False,0,153511876,AMF,Amersfoort Centraal,2025-10-13T09:24:00+02:00,11.0,False,2025-10-13T09:26:00+02:00,11.0,False,False,7,7
16972404,2025-10-13,Stoptrein,Eurobahn,20354,False,False,0,153512937,BH,Bad Bentheim,2025-10-13T08:03:00+02:00,8.0,False,2025-10-13T08:08:00+02:00,5.0,False,False,,
16972404,2025-10-13,Stoptrein,Eurobahn,20354,False,False,0,153512938,ODZ,Oldenzaal,2025-10-13T08:18:00+02:00,4.0,False,2025-10-13T08:18:00+02:00,4.0,False,False,1a,1a
16972404,2025-10-13,Stoptrein,Eurobahn,20354,False,False,0,153512939,HGL,Hengelo,2025-10-13T08:26:00+02:00,6.0,False,,,,False,11,11
16972832,2025-10-13,Stoptrein,Eurobahn,20358,False,False,0,153516822,BH,Bad Bentheim,2025-10-13T09:03:00+02:00,22.0,False,2025-10-13T09:08:00+02:00,19.0,False,False,,
16972832,2025-10-13,Stoptrein,Eurobahn,20358,False,False,0,153516823,ODZ,Oldenzaal,2025-10-13T09:18:00+02:00,24.0,False,2025-10-13T09:18:00+02:00,24.0,False,False,1a,1a
16972832,2025-10-13,Stoptrein,Eurobahn,20358,False,False,0,153516824,HGL,Hengelo,2025-10-13T09:26:00+02:00,23.0,False,,,,False,11,11
16972930,2025-10-13,Intercity,NS,3620,False,False,0,153517702,DV,Deventer,2025-10-13T08:45:00+02:00,0.0,False,2025-10-13T08:46:00+02:00,0.0,False,False,4a,4a
16973135,2025-10-13,Sprinter,NS,7028,False,False,0,153519451,HGL,Hengelo,2025-10-13T08:01:00+02:00,0.0,False,2025-10-13T08:02:00+02:00,0.0,False,False,2a,2a
16973135,2025-10-13,Sprinter,NS,7028,False,False,0,153519452,BN,Borne,2025-10-13T08:07:00+02:00,0.0,False,2025-10-13T08:07:00+02:00,0.0,False,False,2,2
16973135,2025-10-13,Sprinter,NS,7028,False,False,0,153519453,AMRI,Almelo de Riet,2025-10-13T08:12:00+02:00,0.0,False,2025-10-13T08:12:00+02:00,0.0,False,False,1,1
16973135,2025-10-13,Sprinter,NS,7028,False,False,0,153519454,AML,Almelo,2025-10-13T08:15:00+02:00,0.0,False,2025-10-13T08:23:00+02:00,0.0,False,False,4b,4b
16973135,2025-10-13,Sprinter,NS,7028,False,False,0,153519455,WDN,Wierden,2025-10-13T08:28:00+02:00,0.0,False,2025-10-13T08:28:00+02:00,0.0,False,False,2,2
16973135,2025-10-13,Sprinter,NS,7028,False,False,0,153519456,RSN,Rijssen,2025-10-13T08:33:00+02:00,2.0,False,2025-10-13T08:33:00+02:00,2.0,False,False,3,3
16973135,2025-10-13,Sprinter,NS,7028,False,False,0,153519457,HON,Holten,2025-10-13T08:39:00+02:00,1.0,False,2025-10-13T08:39:00+02:00,1.0,False,False,2,2
16973135,2025-10-13,Sprinter,NS,7028,False,False,0,153519458,DVC,Deventer Colmschate,2025-10-13T08:49:00+02:00,0.0,False,2025-10-13T08:49:00+02:00,0.0,False,False,1,1
16973135,2025-10-13,Sprinter,NS,7028,False,False,0,153519459,DV,Deventer,2025-10-13T08:54:00+02:00,0.0,False,2025-10-13T08:55:00+02:00,0.0,False,True,4,3
16973135,2025-10-13,Sprinter,NS,7028,False,False,0,153519460,TWL,Twello,2025-10-13T09:00:00+02:00,0.0,False,2025-10-13T09:00:00+02:00,0.0,False,False,2,2
16973135,2025-10-13,Sprinter,NS,7028,False,False,0,153519461,APDO,Apeldoorn Osseveld,2025-10-13T09:05:00+02:00,0.0,False,2025-10-13T09:05:00+02:00,0.0,False,False,2,2
16973135,2025-10-13,Sprinter,NS,7028,False,False,0,153519462,APD,Apeldoorn,2025-10-13T09:10:00+02:00,0.0,False,,,,False,2,2
16973153,2025-10-13,Intercity,NS,3622,False,False,0,153519642,DV,Deventer,2025-10-13T09:15:00+02:00,0.0,False,2025-10-13T09:16:00+02:00,2.0,False,False,4,4
16973200,2025-10-13,Stoptrein,Blauwnet,31228,False,False,1,153520047,ODZ,Oldenzaal,,,,2025-10-13T08:03:00+02:00,1.0,False,False,1b,1b
16973200,2025-10-13,Stoptrein,Blauwnet,31228,False,False,0,153520048,HGLO,Hengelo Oost,2025-10-13T08:09:00+02:00,1.0,False,2025-10-13T08:09:00+02:00,1.0,False,False,1,1
16973200,2025-10-13,Stoptrein,Blauwnet,31228,False,False,0,153520049,HGL,Hengelo,2025-10-13T08:13:00+02:00,1.0,False,2025-10-13T08:16:00+02:00,0.0,False,False,2a,2a
16973216,2025-10-13,Sprinter,Blauwnet,7928,False,False,0,153520198,HGL,Hengelo,2025-10-13T08:13:00+02:00,0.0,False,2025-10-13T08:16:00+02:00,1.0,False,False,2b,2b
16973216,2025-10-13,Sprinter,Blauwnet,7928,False,False,0,153520199,BN,Borne,2025-10-13T08:21:00+02:00,1.0,False,2025-10-13T08:21:00+02:00,1.0,False,False,2,2
16973216,2025-10-13,Sprinter,Blauwnet,7928,False,False,0,153520200,AMRI,Almelo de Riet,2025-10-13T08:26:00+02:00,2.0,False,2025-10-13T08:26:00+02:00,2.0,False,False,1,1
16973216,2025-10-13,Sprinter,Blauwnet,7928,False,False,0,153520201,AML,Almelo,2025-10-13T08:29:00+02:00,1.0,False,2025-10-13T08:30:00+02:00,6.0,False,False,4b,4b
16973216,2025-10-13,Sprinter,Blauwnet,7928,False,False,0,153520202,WDN,Wierden,2025-10-13T08:34:00+02:00,6.0,False,2025-10-13T08:36:00+02:00,5.0,False,False,3,3
16973292,2025-10-13,Intercity,NS,1728,False,False,0,153520878,HGL,Hengelo,2025-10-13T08:23:00+02:00,1.0,False,2025-10-13T08:24:00+02:00,2.0,False,False,2a,2a
16973292,2025-10-13,Intercity,NS,1728,False,False,0,153520879,AML,Almelo,2025-10-13T08:35:00+02:00,2.0,False,2025-10-13T08:36:00+02:00,4.0,False,False,4,4
16973292,2025-10-13,Intercity,NS,1728,False,False,0,153520880,DV,Deventer,2025-10-13T09:00:00+02:00,1.0,False,2025-10-13T09:03:00+02:00,0.0,False,False,4,4
16973292,2025-10-13,Intercity,NS,1728,False,False,0,153520881,APD,Apeldoorn,2025-10-13T09:13:00+02:00,2.0,False,2025-10-13T09:14:00+02:00,3.0,False,False,1,1
16973292,2025-10-13,Intercity,NS,1728,False,False,0,153520882,AMF,Amersfoort Centraal,2025-10-13T09:38:00+02:00,1.0,False,2025-10-13T09:40:00+02:00,1.0,False,False,6,6
16973356,2025-10-13,Sprinter,NS,7030,False,False,0,153521430,HGL,Hengelo,2025-10-13T08:31:00+02:00,0.0,False,2025-10-13T08:32:00+02:00,0.0,False,False,2a,2a
16973356,2025-10-13,Sprinter,NS,7030,False,False,0,153521431,BN,Borne,2025-10-13T08:37:00+02:00,0.0,False,2025-10-13T08:37:00+02:00,0.0,False,False,2,2
16973356,2025-10-13,Sprinter,NS,7030,False,False,0,153521432,AMRI,Almelo de Riet,2025-10-13T08:42:00+02:00,0.0,False,2025-10-13T08:42:00+02:00,0.0,False,False,1,1
16973356,2025-10-13,Sprinter,NS,7030,False,False,0,153521433,AML,Almelo,2025-10-13T08:45:00+02:00,0.0,False,2025-10-13T08:53:00+02:00,0.0,False,False,4b,4b
16973356,2025-10-13,Sprinter,NS,7030,False,False,0,153521434,WDN,Wierden,2025-10-13T08:58:00+02:00,0.0,False,2025-10-13T08:58:00+02:00,0.0,False,False,2,2
16973356,2025-10-13,Sprinter,NS,7030,False,False,0,153521435,RSN,Rijssen,2025-10-13T09:03:00+02:00,1.0,False,2025-10-13T09:03:00+02:00,1.0,False,False,3,3
16973356,2025-10-13,Sprinter,NS,7030,False,False,0,153521436,HON,Holten,2025-10-13T09:09:00+02:00,0.0,False,2025-10-13T09:09:00+02:00,0.0,False,False,2,2
16973356,2025-10-13,Sprinter,NS,7030,False,False,0,153521437,DVC,Deventer Colmschate,2025-10-13T09:19:00+02:00,0.0,False,2025-10-13T09:19:00+02:00,0.0,False,False,1,1
16973356,2025-10-13,Sprinter,NS,7030,False,False,0,153521438,DV,Deventer,2025-10-13T09:24:00+02:00,0.0,False,2025-10-13T09:25:00+02:00,0.0,False,False,4,4
16973356,2025-10-13,Sprinter,NS,7030,False,False,0,153521439,TWL,Twello,2025-10-13T09:30:00+02:00,0.0,False,2025-10-13T09:30:00+02:00,0.0,False,False,2,2
16973356,2025-10-13,Sprinter,NS,7030,False,False,0,153521440,APDO,Apeldoorn Osseveld,2025-10-13T09:35:00+02:00,0.0,False,2025-10-13T09:35:00+02:00,0.0,False,False,2,2
16973356,2025-10-13,Sprinter,NS,7030,False,False,0,153521441,APD,Apeldoorn,2025-10-13T09:40:00+02:00,0.0,False,,,,False,2,2
16973372,2025-10-13,Intercity,NS,3624,False,False,0,153521595,DV,Deventer,2025-10-13T09:45:00+02:00,0.0,False,2025-10-13T09:46:00+02:00,0.0,False,False,4,4
16973410,2025-10-13,Intercity,Blauwnet,17930,False,False,0,153521919,HGL,Hengelo,2025-10-13T08:38:00+02:00,1.0,False,2025-10-13T08:39:00+02:00,0.0,False,False,2b,2b
16973410,2025-10-13,Intercity,Blauwnet,17930,False,False,0,153521920,AML,Almelo,2025-10-13T08:49:00+02:00,0.0,False,2025-10-13T08:50:00+02:00,1.0,False,False,4a,4a
16973433,2025-10-13,Stoptrein,Blauwnet,31230,False,False,2,153522107,ODZ,Oldenzaal,,,,2025-10-13T08:33:00+02:00,0.0,False,False,1a,1a
16973433,2025-10-13,Stoptrein,Blauwnet,31230,False,False,0,153522108,HGLO,Hengelo Oost,2025-10-13T08:39:00+02:00,0.0,False,2025-10-13T08:39:00+02:00,0.0,False,False,1,1
16973433,2025-10-13,Stoptrein,Blauwnet,31230,False,False,0,153522109,HGL,Hengelo,2025-10-13T08:43:00+02:00,0.0,False,2025-10-13T08:46:00+02:00,1.0,False,False,2a,2a
16973445,2025-10-13,Sprinter,Blauwnet,7930,False,False,0,153522221,HGL,Hengelo,2025-10-13T08:43:00+02:00,0.0,False,2025-10-13T08:46:00+02:00,1.0,False,False,2b,2b
16973445,2025-10-13,Sprinter,Blauwnet,7930,False,False,0,153522222,BN,Borne,2025-10-13T08:51:00+02:00,1.0,False,2025-10-13T08:51:00+02:00,1.0,False,False,2,2
16973445,2025-10-13,Sprinter,Blauwnet,7930,False,False,0,153522223,AMRI,Almelo de Riet,2025-10-13T08:56:00+02:00,1.0,False,2025-10-13T08:56:00+02:00,1.0,False,False,1,1
16973445,2025-10-13,Sprinter,Blauwnet,7930,False,False,0,153522224,AML,Almelo,2025-10-13T08:59:00+02:00,0.0,False,2025-10-13T09:00:00+02:00,0.0,False,False,4b,4b
16973445,2025-10-13,Sprinter,Blauwnet,7930,False,False,0,153522225,WDN,Wierden,2025-10-13T09:04:00+02:00,0.0,False,2025-10-13T09:07:00+02:00,1.0,False,False,3,3
16973533,2025-10-13,Intercity,NS,1730,False,False,0,153523133,HGL,Hengelo,2025-10-13T08:53:00+02:00,0.0,False,2025-10-13T08:54:00+02:00,0.0,False,False,2a,2a
16973533,2025-10-13,Intercity,NS,1730,False,False,0,153523134,AML,Almelo,2025-10-13T09:05:00+02:00,0.0,False,2025-10-13T09:06:00+02:00,0.0,False,False,4,4
16973533,2025-10-13,Intercity,NS,1730,False,False,0,153523135,DV,Deventer,2025-10-13T09:30:00+02:00,0.0,False,2025-10-13T09:33:00+02:00,0.0,False,False,4,4
16973533,2025-10-13,Intercity,NS,1730,False,False,0,153523136,APD,Apeldoorn,2025-10-13T09:43:00+02:00,0.0,False,2025-10-13T09:44:00+02:00,0.0,False,False,1,1
16973533,2025-10-13,Intercity,NS,1730,False,False,0,153523137,AMF,Amersfoort Centraal,2025-10-13T10:08:00+02:00,0.0,False,2025-10-13T10:10:00+02:00,0.0,False,False,6,6
16973589,2025-10-13,Sprinter,NS,7032,False,False,0,153523587,HGL,Hengelo,2025-10-13T09:01:00+02:00,0.0,False,2025-10-13T09:02:00+02:00,0.0,False,False,2a,2a
16973589,2025-10-13,Sprinter,NS,7032,False,False,0,153523588,BN,Borne,2025-10-13T09:07:00+02:00,0.0,False,2025-10-13T09:07:00+02:00,0.0,False,False,2,2
16973589,2025-10-13,Sprinter,NS,7032,False,False,0,153523589,AMRI,Almelo de Riet,2025-10-13T09:12:00+02:00,1.0,False,2025-10-13T09:12:00+02:00,1.0,False,False,1,1
16973589,2025-10-13,Sprinter,NS,7032,False,False,0,153523590,AML,Almelo,2025-10-13T09:15:00+02:00,0.0,False,2025-10-13T09:23:00+02:00,4.0,False,False,4b,4b
16973589,2025-10-13,Sprinter,NS,7032,False,False,0,153523591,WDN,Wierden,2025-10-13T09:28:00+02:00,3.0,False,2025-10-13T09:28:00+02:00,3.0,False,False,2,2
16973589,2025-10-13,Sprinter,NS,7032,False,False,0,153523592,RSN,Rijssen,2025-10-13T09:33:00+02:00,4.0,False,2025-10-13T09:33:00+02:00,4.0,False,False,3,3
16973589,2025-10-13,Sprinter,NS,7032,False,False,0,153523593,HON,Holten,2025-10-13T09:39:00+02:00,3.0,False,2025-10-13T09:39:00+02:00,3.0,False,False,2,2
16973589,2025-10-13,Sprinter,NS,7032,False,False,0,153523594,DVC,Deventer Colmschate,2025-10-13T09:49:00+02:00,1.0,False,2025-10-13T09:49:00+02:00,1.0,False,False,1,1
16973589,2025-10-13,Sprinter,NS,7032,False,False,0,153523595,DV,Deventer,2025-10-13T09:54:00+02:00,1.0,False,2025-10-13T09:55:00+02:00,1.0,False,False,4,4
16973589,2025-10-13,Sprinter,NS,7032,False,False,0,153523596,TWL,Twello,2025-10-13T10:00:00+02:00,1.0,False,2025-10-13T10:00:00+02:00,1.0,False,False,2,2
16973589,2025-10-13,Sprinter,NS,7032,False,False,0,153523597,APDO,Apeldoorn Osseveld,2025-10-13T10:05:00+02:00,1.0,False,2025-10-13T10:05:00+02:00,1.0,False,False,2,2
16973589,2025-10-13,Sprinter,NS,7032,False,False,0,153523598,APD,Apeldoorn,2025-10-13T10:10:00+02:00,0.0,False,,,,False,2,2
16973603,2025-10-13,Sprinter,RRReis,31314,False,False,0,153523731,BNN,Barneveld Noord,2025-10-13T09:17:00+02:00,0.0,False,2025-10-13T09:17:00+02:00,1.0,False,False,1,1
16973603,2025-10-13,Sprinter,RRReis,31314,False,False,0,153523732,HVL,Hoevelaken,2025-10-13T09:24:00+02:00,1.0,False,2025-10-13T09:24:00+02:00,1.0,False,False,1,1
16973603,2025-10-13,Sprinter,RRReis,31314,False,False,0,153523733,AMF,Amersfoort Centraal,2025-10-13T09:30:00+02:00,0.0,False,,,,False,4b,4b
16973606,2025-10-13,Intercity,NS,3626,False,False,0,153523769,DV,Deventer,2025-10-13T10:15:00+02:00,0.0,False,2025-10-13T10:16:00+02:00,0.0,False,False,4,4
16973661,2025-10-13,Stoptrein,Blauwnet,31232,False,False,1,153524239,ODZ,Oldenzaal,,,,2025-10-13T09:03:00+02:00,0.0,False,False,1a,1a
16973661,2025-10-13,Stoptrein,Blauwnet,31232,False,False,0,153524240,HGLO,Hengelo Oost,2025-10-13T09:09:00+02:00,0.0,False,2025-10-13T09:09:00+02:00,0.0,False,False,1,1
16973661,2025-10-13,Stoptrein,Blauwnet,31232,False,False,0,153524241,HGL,Hengelo,2025-10-13T09:13:00+02:00,0.0,False,2025-10-13T09:16:00+02:00,0.0,False,False,2a,2a
16973774,2025-10-13,Intercity,NS,1732,False,False,0,153525380,HGL,Hengelo,2025-10-13T09:23:00+02:00,0.0,False,2025-10-13T09:24:00+02:00,0.0,False,False,2a,2a
16973774,2025-10-13,Intercity,NS,1732,False,False,0,153525381,AML,Almelo,2025-10-13T09:35:00+02:00,0.0,False,2025-10-13T09:36:00+02:00,0.0,False,False,4,4
16973774,2025-10-13,Intercity,NS,1732,False,False,0,153525382,DV,Deventer,2025-10-13T10:00:00+02:00,0.0,False,2025-10-13T10:03:00+02:00,0.0,False,False,4,4
16973774,2025-10-13,Intercity,NS,1732,False,False,0,153525383,APD,Apeldoorn,2025-10-13T10:13:00+02:00,0.0,False,2025-10-13T10:14:00+02:00,0.0,False,False,1,1
16973774,2025-10-13,Intercity,NS,1732,False,False,0,153525384,AMF,Amersfoort Centraal,2025-10-13T10:38:00+02:00,0.0,False,2025-10-13T10:40:00+02:00,0.0,False,False,6,6
16973795,2025-10-13,Intercity,NS,1530,False,False,1,153525555,DV,Deventer,,,,2025-10-13T09:19:00+02:00,0.0,False,False,3,3
16973795,2025-10-13,Intercity,NS,1530,False,False,0,153525556,APD,Apeldoorn,2025-10-13T09:29:00+02:00,0.0,False,2025-10-13T09:30:00+02:00,1.0,False,False,1,1
16973795,2025-10-13,Intercity,NS,1530,False,False,0,153525557,AMF,Amersfoort Centraal,2025-10-13T09:54:00+02:00,0.0,False,2025-10-13T09:56:00+02:00,0.0,False,False,7,7
16973836,2025-10-13,Sprinter,RRReis,31316,False,False,0,153525922,BNN,Barneveld Noord,2025-10-13T09:47:00+02:00,0.0,False,2025-10-13T09:47:00+02:00,1.0,False,False,1,1
16973836,2025-10-13,Sprinter,RRReis,31316,False,False,0,153525923,HVL,Hoevelaken,2025-10-13T09:54:00+02:00,1.0,False,2025-10-13T09:54:00+02:00,1.0,False,False,1,1
16973836,2025-10-13,Sprinter,RRReis,31316,False,False,0,153525924,AMF,Amersfoort Centraal,2025-10-13T10:00:00+02:00,1.0,False,,,,False,4b,4b
16973838,2025-10-13,Sprinter,RRReis,31418,False,False,0,153525929,BNN,Barneveld Noord,2025-10-13T09:32:00+02:00,0.0,False,2025-10-13T09:32:00+02:00,1.0,False,False,1,1
16973838,2025-10-13,Sprinter,RRReis,31418,False,False,0,153525930,HVL,Hoevelaken,2025-10-13T09:39:00+02:00,1.0,False,2025-10-13T09:39:00+02:00,1.0,False,False,1,1
16973838,2025-10-13,Sprinter,RRReis,31418,False,False,0,153525931,AMF,Amersfoort Centraal,2025-10-13T09:45:00+02:00,0.0,False,,,,False,4b,4b
16973983,2025-10-13,Intercity,NS,1734,False,False,0,153527217,HGL,Hengelo,2025-10-13T09:52:00+02:00,0.0,False,2025-10-13T09:54:00+02:00,0.0,False,False,2a,2a
16973983,2025-10-13,Intercity,NS,1734,False,False,0,153527218,AML,Almelo,2025-10-13T10:05:00+02:00,2.0,False,2025-10-13T10:06:00+02:00,6.0,False,False,4,4
16973983,2025-10-13,Intercity,NS,1734,False,False,0,153527219,DV,Deventer,2025-10-13T10:30:00+02:00,8.0,False,2025-10-13T10:33:00+02:00,7.0,False,False,4,4
16973983,2025-10-13,Intercity,NS,1734,False,False,0,153527220,APD,Apeldoorn,2025-10-13T10:43:00+02:00,6.0,False,2025-10-13T10:44:00+02:00,6.0,False,False,1,1
16973983,2025-10-13,Intercity,NS,1734,False,False,0,153527221,AMF,Amersfoort Centraal,2025-10-13T11:08:00+02:00,8.0,False,2025-10-13T11:10:00+02:00,8.0,False,True,6,7
16973993,2025-10-13,Intercity,NS,1532,False,False,0,153527286,DV,Deventer,,,,2025-10-13T09:48:00+02:00,0.0,False,False,1,1
16973993,2025-10-13,Intercity,NS,1532,False,False,0,153527287,APD,Apeldoorn,2025-10-13T09:58:00+02:00,0.0,False,2025-10-13T10:00:00+02:00,0.0,False,False,1,1
16973993,2025-10-13,Intercity,NS,1532,False,False,0,153527288,AMF,Amersfoort Centraal,2025-10-13T10:24:00+02:00,0.0,False,2025-10-13T10:26:00+02:00,0.0,False,False,7,7
16974043,2025-10-13,Sprinter,RRReis,31318,False,False,0,153527715,BNN,Barneveld Noord,2025-10-13T10:17:00+02:00,1.0,False,2025-10-13T10:17:00+02:00,1.0,False,False,1,1
16974043,2025-10-13,Sprinter,RRReis,31318,False,False,0,153527716,HVL,Hoevelaken,2025-10-13T10:24:00+02:00,1.0,False,2025-10-13T10:24:00+02:00,1.0,False,False,1,1
16974043,2025-10-13,Sprinter,RRReis,31318,False,False,0,153527717,AMF,Amersfoort Centraal,2025-10-13T10:30:00+02:00,1.0,False,,,,False,4b,4b
16974049,2025-10-13,Sprinter,NS,7034,False,False,8,153527771,AML,Almelo,,,,2025-10-13T09:53:00+02:00,1.0,False,False,,
16974049,2025-10-13,Sprinter,NS,7034,False,False,0,153527772,WDN,Wierden,2025-10-13T09:58:00+02:00,7.0,False,2025-10-13T09:58:00+02:00,7.0,False,False,2,2
16974049,2025-10-13,Sprinter,NS,7034,False,False,0,153527773,RSN,Rijssen,2025-10-13T10:04:00+02:00,8.0,False,2025-10-13T10:04:00+02:00,8.0,False,False,3,3
16974049,2025-10-13,Sprinter,NS,7034,False,False,0,153527774,HON,Holten,2025-10-13T10:09:00+02:00,8.0,False,2025-10-13T10:09:00+02:00,8.0,False,False,2,2
16974049,2025-10-13,Sprinter,NS,7034,False,False,0,153527775,DVC,Deventer Colmschate,2025-10-13T10:19:00+02:00,7.0,False,2025-10-13T10:19:00+02:00,7.0,False,False,1,1
16974049,2025-10-13,Sprinter,NS,7034,False,False,0,153527776,DV,Deventer,2025-10-13T10:24:00+02:00,6.0,False,2025-10-13T10:25:00+02:00,8.0,False,False,4,4
16974049,2025-10-13,Sprinter,NS,7034,False,False,0,153527777,TWL,Twello,2025-10-13T10:30:00+02:00,8.0,False,2025-10-13T10:30:00+02:00,8.0,False,False,2,2
16974049,2025-10-13,Sprinter,NS,7034,False,False,0,153527778,APDO,Apeldoorn Osseveld,2025-10-13T10:35:00+02:00,8.0,False,2025-10-13T10:35:00+02:00,8.0,False,False,2,2
16974049,2025-10-13,Sprinter,NS,7034,False,False,0,153527779,APD,Apeldoorn,2025-10-13T10:40:00+02:00,6.0,False,,,,False,2,2
16974050,2025-10-13,Sprinter,RRReis,31420,False,False,0,153527782,BNN,Barneveld Noord,2025-10-13T10:02:00+02:00,0.0,False,2025-10-13T10:02:00+02:00,1.0,False,False,1,1
16974050,2025-10-13,Sprinter,RRReis,31420,False,False,0,153527783,HVL,Hoevelaken,2025-10-13T10:09:00+02:00,0.0,False,2025-10-13T10:09:00+02:00,0.0,False,False,1,1
16974050,2025-10-13,Sprinter,RRReis,31420,False,False,0,153527784,AMF,Amersfoort Centraal,2025-10-13T10:15:00+02:00,0.0,False,,,,False,4b,4b
16974255,2025-10-13,Sprinter,RRReis,31422,False,False,0,153529643,BNN,Barneveld Noord,2025-10-13T10:32:00+02:00,0.0,False,2025-10-13T10:32:00+02:00,0.0,False,False,1,1
16974255,2025-10-13,Sprinter,RRReis,31422,False,False,0,153529644,HVL,Hoevelaken,2025-10-13T10:39:00+02:00,0.0,False,2025-10-13T10:39:00+02:00,0.0,False,False,1,1
16974255,2025-10-13,Sprinter,RRReis,31422,False,False,0,153529645,AMF,Amersfoort Centraal,2025-10-13T10:45:00+02:00,0.0,False,,,,False,4b,4b
16974256,2025-10-13,Sprinter,RRReis,31320,False,False,0,153529651,BNN,Barneveld Noord,2025-10-13T10:47:00+02:00,2.0,False,2025-10-13T10:47:00+02:00,2.0,False,False,1,1
16974256,2025-10-13,Sprinter,RRReis,31320,False,False,0,153529652,HVL,Hoevelaken,2025-10-13T10:54:00+02:00,2.0,False,2025-10-13T10:54:00+02:00,2.0,False,False,1,1
16974256,2025-10-13,Sprinter,RRReis,31320,False,False,0,153529653,AMF,Amersfoort Centraal,2025-10-13T11:00:00+02:00,1.0,False,,,,False,4b,4b
16974447,2025-10-13,Sprinter,RRReis,31424,False,False,0,153531375,BNN,Barneveld Noord,2025-10-13T11:02:00+02:00,0.0,False,2025-10-13T11:02:00+02:00,3.0,False,False,1,1
16974447,2025-10-13,Sprinter,RRReis,31424,False,False,0,153531376,HVL,Hoevelaken,2025-10-13T11:09:00+02:00,3.0,False,2025-10-13T11:09:00+02:00,3.0,False,False,1,1
16974447,2025-10-13,Sprinter,RRReis,31424,False,False,0,153531377,AMF,Amersfoort Centraal,2025-10-13T11:15:00+02:00,3.0,False,,,,False,4b,4b
12625442,2023-12-20,Intercity,NS Int,242,False,False,0,113664311,BH,Bad Bentheim,2023-12-20T07:48:00+01:00,8.0,False,2023-12-20T07:51:00+01:00,9.0,False,False,,
12625442,2023-12-20,Intercity,NS Int,242,False,False,0,113664312,HGL,Hengelo,2023-12-20T08:07:00+01:00,11.0,False,2023-12-20T08:09:00+01:00,10.0,False,False,2,2
12625442,2023-12-20,Intercity,NS Int,242,False,False,0,113664313,DV,Deventer,2023-12-20T08:41:00+01:00,10.0,False,2023-12-20T08:45:00+01:00,8.0,False,False,3,3
12625442,2023-12-20,Intercity,NS Int,242,False,False,0,113664314,APD,Apeldoorn,2023-12-20T08:57:00+01:00,18.0,False,2023-12-20T08:59:00+01:00,18.0,False,False,1,1
12625442,2023-12-20,Intercity,NS Int,242,False,False,0,113664315,AMF,Amersfoort Centraal,2023-12-20T09:24:00+01:00,18.0,False,2023-12-20T09:26:00+01:00,18.0,False,False,7,7
12625538,2023-12-20,Stoptrein,Eurobahn,20354,False,False,0,113665289,BH,Bad Bentheim,2023-12-20T08:03:00+01:00,12.0,False,2023-12-20T08:08:00+01:00,9.0,False,False,,
12625538,2023-12-20,Stoptrein,Eurobahn,20354,False,False,0,113665290,ODZ,Oldenzaal,2023-12-20T08:17:00+01:00,9.0,False,2023-12-20T08:18:00+01:00,9.0,False,False,1a,1a
12625538,2023-12-20,Stoptrein,Eurobahn,20354,False,False,0,113665291,HGL,Hengelo,2023-12-20T08:26:00+01:00,9.0,False,,,,False,11,11
12625647,2023-12-20,Intercity,NS,3620,False,False,0,113666367,DV,Deventer,2023-12-20T08:45:00+01:00,0.0,False,2023-12-20T08:46:00+01:00,0.0,False,False,4,4
12625839,2023-12-20,Intercity,NS,3622,False,False,0,113668246,DV,Deventer,2023-12-20T09:15:00+01:00,1.0,False,2023-12-20T09:16:00+01:00,1.0,False,False,4,4
12625928,2023-12-20,Stoptrein,Eurobahn,20358,False,False,0,113669135,BH,Bad Bentheim,2023-12-20T09:03:00+01:00,3.0,False,2023-12-20T09:08:00+01:00,0.0,False,False,,
12625928,2023-12-20,Stoptrein,Eurobahn,20358,False,False,0,113669136,ODZ,Oldenzaal,2023-12-20T09:17:00+01:00,0.0,False,2023-12-20T09:18:00+01:00,0.0,False,False,1a,1a
12625928,2023-12-20,Stoptrein,Eurobahn,20358,False,False,0,113669137,HGL,Hengelo,2023-12-20T09:26:00+01:00,0.0,False,,,,False,11,11
12626029,2023-12-20,Intercity,NS,3624,False,False,0,113670166,DV,Deventer,2023-12-20T09:45:00+01:00,1.0,False,2023-12-20T09:46:00+01:00,2.0,False,False,4,4
12626180,2023-12-20,Sprinter,NS,7028,False,False,0,113671616,HGL,Hengelo,2023-12-20T08:01:00+01:00,0.0,False,2023-12-20T08:02:00+01:00,0.0,False,False,2a,2a
12626180,2023-12-20,Sprinter,NS,7028,False,False,0,113671617,BN,Borne,2023-12-20T08:07:00+01:00,0.0,False,2023-12-20T08:07:00+01:00,0.0,False,False,2,2
12626180,2023-12-20,Sprinter,NS,7028,False,False,0,113671618,AMRI,Almelo de Riet,2023-12-20T08:12:00+01:00,0.0,False,2023-12-20T08:12:00+01:00,0.0,False,False,1,1
12626180,2023-12-20,Sprinter,NS,7028,False,False,0,113671619,AML,Almelo,2023-12-20T08:15:00+01:00,0.0,False,2023-12-20T08:23:00+01:00,0.0,False,False,4b,4b
12626180,2023-12-20,Sprinter,NS,7028,False,False,0,113671620,WDN,Wierden,2023-12-20T08:28:00+01:00,1.0,False,2023-12-20T08:28:00+01:00,1.0,False,False,2,2
12626180,2023-12-20,Sprinter,NS,7028,False,False,0,113671621,RSN,Rijssen,2023-12-20T08:33:00+01:00,4.0,False,2023-12-20T08:33:00+01:00,4.0,False,True,3,2
12626180,2023-12-20,Sprinter,NS,7028,False,False,0,113671622,HON,Holten,2023-12-20T08:39:00+01:00,4.0,False,2023-12-20T08:39:00+01:00,4.0,False,False,2,2
12626180,2023-12-20,Sprinter,NS,7028,False,False,0,113671623,DVC,Deventer Colmschate,2023-12-20T08:49:00+01:00,2.0,False,2023-12-20T08:49:00+01:00,2.0,False,False,1,1
12626180,2023-12-20,Sprinter,NS,7028,False,False,0,113671624,DV,Deventer,2023-12-20T08:54:00+01:00,1.0,False,2023-12-20T08:55:00+01:00,11.0,False,False,4,4
12626180,2023-12-20,Sprinter,NS,7028,False,False,0,113671625,TWL,Twello,2023-12-20T09:00:00+01:00,11.0,False,2023-12-20T09:00:00+01:00,11.0,False,False,2,2
12626180,2023-12-20,Sprinter,NS,7028,False,False,0,113671626,APDO,Apeldoorn Osseveld,2023-12-20T09:06:00+01:00,10.0,False,2023-12-20T09:06:00+01:00,10.0,False,False,2,2
12626180,2023-12-20,Sprinter,NS,7028,False,False,0,113671627,APD,Apeldoorn,2023-12-20T09:10:00+01:00,9.0,False,,,,False,2,2
12626211,2023-12-20,Intercity,NS,3626,False,False,0,113671981,DV,Deventer,2023-12-20T10:15:00+01:00,1.0,False,2023-12-20T10:16:00+01:00,1.0,False,False,4,4
12626232,2023-12-20,Stoptrein,Blauwnet,31228,False,False,13,113672175,ODZ,Oldenzaal,,,,2023-12-20T08:03:00+01:00,2.0,False,False,1b,1b
12626232,2023-12-20,Stoptrein,Blauwnet,31228,False,False,0,113672176,HGLO,Hengelo Oost,2023-12-20T08:09:00+01:00,3.0,False,2023-12-20T08:09:00+01:00,3.0,False,False,1,1
12626232,2023-12-20,Stoptrein,Blauwnet,31228,False,False,0,113672177,HGL,Hengelo,2023-12-20T08:13:00+01:00,2.0,False,2023-12-20T08:16:00+01:00,9.0,False,False,2a,2a
12626248,2023-12-20,Sprinter,Blauwnet,7928,False,False,0,113672343,HGL,Hengelo,2023-12-20T08:13:00+01:00,8.0,False,2023-12-20T08:17:00+01:00,5.0,False,False,2b,2b
12626248,2023-12-20,Sprinter,Blauwnet,7928,False,False,0,113672344,BN,Borne,2023-12-20T08:22:00+01:00,5.0,False,2023-12-20T08:22:00+01:00,5.0,False,False,2,2
12626248,2023-12-20,Sprinter,Blauwnet,7928,False,False,0,113672345,AMRI,Almelo de Riet,2023-12-20T08:27:00+01:00,6.0,False,2023-12-20T08:27:00+01:00,6.0,False,False,1,1
12626248,2023-12-20,Sprinter,Blauwnet,7928,False,False,0,113672346,AML,Almelo,2023-12-20T08:30:00+01:00,5.0,False,2023-12-20T08:31:00+01:00,5.0,False,False,4b,4b
12626248,2023-12-20,Sprinter,Blauwnet,7928,False,False,0,113672347,WDN,Wierden,2023-12-20T08:36:00+01:00,5.0,False,2023-12-20T08:36:00+01:00,5.0,False,False,3,3
12626369,2023-12-20,Sprinter,NS,7030,False,False,0,113673516,HGL,Hengelo,2023-12-20T08:31:00+01:00,0.0,False,2023-12-20T08:32:00+01:00,1.0,False,False,2a,2a
12626369,2023-12-20,Sprinter,NS,7030,False,False,0,113673517,BN,Borne,2023-12-20T08:37:00+01:00,1.0,False,2023-12-20T08:37:00+01:00,1.0,False,False,2,2
12626369,2023-12-20,Sprinter,NS,7030,False,False,0,113673518,AMRI,Almelo de Riet,2023-12-20T08:42:00+01:00,2.0,False,2023-12-20T08:42:00+01:00,2.0,False,False,1,1
12626369,2023-12-20,Sprinter,NS,7030,False,False,0,113673519,AML,Almelo,2023-12-20T08:45:00+01:00,2.0,False,2023-12-20T08:53:00+01:00,0.0,False,False,4b,4b
12626369,2023-12-20,Sprinter,NS,7030,False,False,0,113673520,WDN,Wierden,2023-12-20T08:58:00+01:00,1.0,False,2023-12-20T08:58:00+01:00,1.0,False,False,2,2
12626369,2023-12-20,Sprinter,NS,7030,False,False,0,113673521,RSN,Rijssen,2023-12-20T09:03:00+01:00,1.0,False,2023-12-20T09:03:00+01:00,1.0,False,False,3,3
12626369,2023-12-20,Sprinter,NS,7030,False,False,0,113673522,HON,Holten,2023-12-20T09:09:00+01:00,1.0,False,2023-12-20T09:09:00+01:00,1.0,False,False,2,2
12626369,2023-12-20,Sprinter,NS,7030,False,False,0,113673523,DVC,Deventer Colmschate,2023-12-20T09:19:00+01:00,0.0,False,2023-12-20T09:19:00+01:00,0.0,False,False,1,1
12626369,2023-12-20,Sprinter,NS,7030,False,False,0,113673524,DV,Deventer,2023-12-20T09:24:00+01:00,0.0,False,2023-12-20T09:25:00+01:00,0.0,False,False,4,4
12626369,2023-12-20,Sprinter,NS,7030,False,False,0,113673525,TWL,Twello,2023-12-20T09:30:00+01:00,0.0,False,2023-12-20T09:30:00+01:00,0.0,False,False,2,2
12626369,2023-12-20,Sprinter,NS,7030,False,False,0,113673526,APDO,Apeldoorn Osseveld,2023-12-20T09:36:00+01:00,0.0,False,2023-12-20T09:36:00+01:00,0.0,False,False,2,2
12626369,2023-12-20,Sprinter,NS,7030,False,False,0,113673527,APD,Apeldoorn,2023-12-20T09:40:00+01:00,0.0,False,,,,False,2,2
12626411,2023-12-20,Intercity,Blauwnet,17930,False,False,0,113673985,HGL,Hengelo,2023-12-20T08:38:00+01:00,0.0,False,2023-12-20T08:39:00+01:00,1.0,False,False,2a,2a
12626411,2023-12-20,Intercity,Blauwnet,17930,False,False,0,113673986,AML,Almelo,2023-12-20T08:49:00+01:00,1.0,False,2023-12-20T08:50:00+01:00,1.0,False,False,4a,4a
12626427,2023-12-20,Stoptrein,Blauwnet,31230,False,False,1,113674118,ODZ,Oldenzaal,,,,2023-12-20T08:33:00+01:00,0.0,False,True,1a,2
12626427,2023-12-20,Stoptrein,Blauwnet,31230,False,False,0,113674119,HGLO,Hengelo Oost,2023-12-20T08:39:00+01:00,1.0,False,2023-12-20T08:39:00+01:00,1.0,False,False,1,1
12626427,2023-12-20,Stoptrein,Blauwnet,31230,False,False,0,113674120,HGL,Hengelo,2023-12-20T08:43:00+01:00,0.0,False,2023-12-20T08:46:00+01:00,1.0,False,False,2a,2a
12626438,2023-12-20,Sprinter,Blauwnet,7930,False,False,0,113674228,HGL,Hengelo,2023-12-20T08:43:00+01:00,8.0,False,2023-12-20T08:47:00+01:00,5.0,False,False,2b,2b
12626438,2023-12-20,Sprinter,Blauwnet,7930,False,False,0,113674229,BN,Borne,2023-12-20T08:52:00+01:00,5.0,False,2023-12-20T08:52:00+01:00,5.0,False,False,2,2
12626438,2023-12-20,Sprinter,Blauwnet,7930,False,False,0,113674230,AMRI,Almelo de Riet,2023-12-20T08:57:00+01:00,6.0,False,2023-12-20T08:57:00+01:00,6.0,False,False,1,1
12626438,2023-12-20,Sprinter,Blauwnet,7930,False,False,0,113674231,AML,Almelo,2023-12-20T09:00:00+01:00,6.0,False,2023-12-20T09:01:00+01:00,6.0,False,False,4b,4b
12626438,2023-12-20,Sprinter,Blauwnet,7930,False,False,0,113674232,WDN,Wierden,2023-12-20T09:05:00+01:00,6.0,False,2023-12-20T09:07:00+01:00,5.0,False,False,3,3
12626496,2023-12-20,Intercity,NS,1730,False,False,0,113674826,HGL,Hengelo,2023-12-20T08:53:00+01:00,1.0,False,2023-12-20T08:54:00+01:00,1.0,False,True,2a,3a
12626496,2023-12-20,Intercity,NS,1730,False,False,0,113674827,AML,Almelo,2023-12-20T09:05:00+01:00,4.0,False,2023-12-20T09:06:00+01:00,5.0,False,False,4,4
12626496,2023-12-20,Intercity,NS,1730,False,False,0,113674828,DV,Deventer,2023-12-20T09:30:00+01:00,3.0,False,2023-12-20T09:33:00+01:00,2.0,False,False,4,4
12626496,2023-12-20,Intercity,NS,1730,False,False,0,113674829,APD,Apeldoorn,2023-12-20T09:43:00+01:00,2.0,False,2023-12-20T09:44:00+01:00,3.0,False,False,1,1
12626496,2023-12-20,Intercity,NS,1730,False,False,0,113674830,AMF,Amersfoort Centraal,2023-12-20T10:08:00+01:00,2.0,False,2023-12-20T10:10:00+01:00,2.0,False,False,6,6
12626538,2023-12-20,Sprinter,NS,7032,False,False,0,113675196,HGL,Hengelo,2023-12-20T09:01:00+01:00,0.0,False,2023-12-20T09:02:00+01:00,0.0,False,False,2a,2a
12626538,2023-12-20,Sprinter,NS,7032,False,False,0,113675197,BN,Borne,2023-12-20T09:07:00+01:00,0.0,False,2023-12-20T09:07:00+01:00,0.0,False,False,2,2
12626538,2023-12-20,Sprinter,NS,7032,False,False,0,113675198,AMRI,Almelo de Riet,2023-12-20T09:12:00+01:00,0.0,False,2023-12-20T09:12:00+01:00,0.0,False,False,1,1
12626538,2023-12-20,Sprinter,NS,7032,False,False,0,113675199,AML,Almelo,2023-12-20T09:15:00+01:00,0.0,False,2023-12-20T09:23:00+01:00,0.0,False,False,4b,4b
12626538,2023-12-20,Sprinter,NS,7032,False,False,0,113675200,WDN,Wierden,2023-12-20T09:28:00+01:00,2.0,False,2023-12-20T09:28:00+01:00,2.0,False,False,2,2
12626538,2023-12-20,Sprinter,NS,7032,False,False,0,113675201,RSN,Rijssen,2023-12-20T09:33:00+01:00,2.0,False,2023-12-20T09:33:00+01:00,2.0,False,False,3,3
12626538,2023-12-20,Sprinter,NS,7032,False,False,0,113675202,HON,Holten,2023-12-20T09:39:00+01:00,2.0,False,2023-12-20T09:39:00+01:00,2.0,False,False,2,2
12626538,2023-12-20,Sprinter,NS,7032,False,False,0,113675203,DVC,Deventer Colmschate,2023-12-20T09:49:00+01:00,0.0,False,2023-12-20T09:49:00+01:00,0.0,False,False,1,1
12626538,2023-12-20,Sprinter,NS,7032,False,False,0,113675204,DV,Deventer,2023-12-20T09:54:00+01:00,0.0,False,2023-12-20T09:55:00+01:00,1.0,False,False,4,4
12626538,2023-12-20,Sprinter,NS,7032,False,False,0,113675205,TWL,Twello,2023-12-20T10:00:00+01:00,0.0,False,2023-12-20T10:00:00+01:00,0.0,False,False,2,2
12626538,2023-12-20,Sprinter,NS,7032,False,False,0,113675206,APDO,Apeldoorn Osseveld,2023-12-20T10:06:00+01:00,0.0,False,2023-12-20T10:06:00+01:00,0.0,False,False,2,2
12626538,2023-12-20,Sprinter,NS,7032,False,False,0,113675207,APD,Apeldoorn,2023-12-20T10:10:00+01:00,0.0,False,,,,False,2,2
12626545,2023-12-20,Stoptrein,RRReis,31314,False,False,0,113675270,BNN,Barneveld Noord,2023-12-20T09:16:00+01:00,1.0,False,2023-12-20T09:17:00+01:00,1.0,False,False,1,1
12626545,2023-12-20,Stoptrein,RRReis,31314,False,False,0,113675271,HVL,Hoevelaken,2023-12-20T09:24:00+01:00,0.0,False,2023-12-20T09:25:00+01:00,0.0,False,False,1,1
12626545,2023-12-20,Stoptrein,RRReis,31314,False,False,0,113675272,AMF,Amersfoort Centraal,2023-12-20T09:31:00+01:00,0.0,False,,,,False,4b,4b
12626596,2023-12-20,Stoptrein,Blauwnet,31232,False,False,1,113675794,ODZ,Oldenzaal,,,,2023-12-20T09:03:00+01:00,0.0,False,False,1a,1a
12626596,2023-12-20,Stoptrein,Blauwnet,31232,False,False,0,113675795,HGLO,Hengelo Oost,2023-12-20T09:09:00+01:00,1.0,False,2023-12-20T09:09:00+01:00,1.0,False,False,1,1
12626596,2023-12-20,Stoptrein,Blauwnet,31232,False,False,0,113675796,HGL,Hengelo,2023-12-20T09:13:00+01:00,0.0,False,2023-12-20T09:16:00+01:00,0.0,False,False,2a,2a
12626606,2023-12-20,Sprinter,Blauwnet,7932,False,False,0,113675914,HGL,Hengelo,2023-12-20T09:13:00+01:00,0.0,False,2023-12-20T09:17:00+01:00,0.0,False,False,2b,2b
12626606,2023-12-20,Sprinter,Blauwnet,7932,False,False,0,113675915,BN,Borne,2023-12-20T09:22:00+01:00,0.0,False,2023-12-20T09:22:00+01:00,0.0,False,False,2,2
12626606,2023-12-20,Sprinter,Blauwnet,7932,False,False,0,113675916,AMRI,Almelo de Riet,2023-12-20T09:27:00+01:00,1.0,False,2023-12-20T09:27:00+01:00,1.0,False,False,1,1
12626606,2023-12-20,Sprinter,Blauwnet,7932,False,False,0,113675917,AML,Almelo,2023-12-20T09:30:00+01:00,0.0,False,2023-12-20T09:31:00+01:00,1.0,False,False,4b,4b
12626606,2023-12-20,Sprinter,Blauwnet,7932,False,False,0,113675918,WDN,Wierden,2023-12-20T09:36:00+01:00,1.0,False,2023-12-20T09:36:00+01:00,1.0,False,False,3,3
12626706,2023-12-20,Stoptrein,RRReis,31418,False,False,0,113676903,BNN,Barneveld Noord,2023-12-20T09:32:00+01:00,0.0,False,2023-12-20T09:33:00+01:00,1.0,False,False,1,1
12626706,2023-12-20,Stoptrein,RRReis,31418,False,False,0,113676904,HVL,Hoevelaken,2023-12-20T09:39:00+01:00,1.0,False,2023-12-20T09:40:00+01:00,1.0,False,False,1,1
12626706,2023-12-20,Stoptrein,RRReis,31418,False,False,0,113676905,AMF,Amersfoort Centraal,2023-12-20T09:46:00+01:00,0.0,False,,,,False,4b,4b
12626713,2023-12-20,Sprinter,NS,7034,False,False,0,113676961,HGL,Hengelo,2023-12-20T09:31:00+01:00,0.0,False,2023-12-20T09:32:00+01:00,0.0,False,False,2a,2a
12626713,2023-12-20,Sprinter,NS,7034,False,False,0,113676962,BN,Borne,2023-12-20T09:37:00+01:00,0.0,False,2023-12-20T09:37:00+01:00,0.0,False,False,2,2
12626713,2023-12-20,Sprinter,NS,7034,False,False,0,113676963,AMRI,Almelo de Riet,2023-12-20T09:42:00+01:00,1.0,False,2023-12-20T09:42:00+01:00,1.0,False,False,1,1
12626713,2023-12-20,Sprinter,NS,7034,False,False,0,113676964,AML,Almelo,2023-12-20T09:45:00+01:00,0.0,False,2023-12-20T09:53:00+01:00,0.0,False,False,4b,4b
12626713,2023-12-20,Sprinter,NS,7034,False,False,0,113676965,WDN,Wierden,2023-12-20T09:58:00+01:00,0.0,False,2023-12-20T09:58:00+01:00,0.0,False,False,2,2
12626713,2023-12-20,Sprinter,NS,7034,False,False,0,113676966,RSN,Rijssen,2023-12-20T10:03:00+01:00,1.0,False,2023-12-20T10:03:00+01:00,1.0,False,False,3,3
12626713,2023-12-20,Sprinter,NS,7034,False,False,0,113676967,HON,Holten,2023-12-20T10:09:00+01:00,0.0,False,2023-12-20T10:09:00+01:00,0.0,False,False,2,2
12626713,2023-12-20,Sprinter,NS,7034,False,False,0,113676968,DVC,Deventer Colmschate,2023-12-20T10:19:00+01:00,0.0,False,2023-12-20T10:19:00+01:00,0.0,False,False,1,1
12626713,2023-12-20,Sprinter,NS,7034,False,False,0,113676969,DV,Deventer,2023-12-20T10:24:00+01:00,0.0,False,2023-12-20T10:25:00+01:00,4.0,False,True,4,4b
12626713,2023-12-20,Sprinter,NS,7034,False,False,0,113676970,TWL,Twello,2023-12-20T10:30:00+01:00,3.0,False,2023-12-20T10:30:00+01:00,3.0,False,False,2,2
12626713,2023-12-20,Sprinter,NS,7034,False,False,0,113676971,APDO,Apeldoorn Osseveld,2023-12-20T10:36:00+01:00,3.0,False,2023-12-20T10:36:00+01:00,3.0,False,False,2,2
12626713,2023-12-20,Sprinter,NS,7034,False,False,0,113676972,APD,Apeldoorn,2023-12-20T10:40:00+01:00,3.0,False,,,,False,2,2
12626718,2023-12-20,Stoptrein,RRReis,31316,False,False,0,113677018,BNN,Barneveld Noord,2023-12-20T09:46:00+01:00,1.0,False,2023-12-20T09:47:00+01:00,1.0,False,False,1,1
12626718,2023-12-20,Stoptrein,RRReis,31316,False,False,0,113677019,HVL,Hoevelaken,2023-12-20T09:54:00+01:00,0.0,False,2023-12-20T09:55:00+01:00,0.0,False,False,1,1
12626718,2023-12-20,Stoptrein,RRReis,31316,False,False,0,113677020,AMF,Amersfoort Centraal,2023-12-20T10:01:00+01:00,0.0,False,,,,False,4b,4b
12626758,2023-12-20,Intercity,Blauwnet,17934,False,False,0,113677453,HGL,Hengelo,2023-12-20T09:38:00+01:00,0.0,False,2023-12-20T09:39:00+01:00,0.0,False,False,2a,2a
12626758,2023-12-20,Intercity,Blauwnet,17934,False,False,0,113677454,AML,Almelo,2023-12-20T09:49:00+01:00,0.0,False,2023-12-20T09:50:00+01:00,0.0,False,False,4a,4a
12626766,2023-12-20,Stoptrein,Blauwnet,31234,False,False,1,113677508,ODZ,Oldenzaal,,,,2023-12-20T09:33:00+01:00,0.0,False,False,1a,1a
12626766,2023-12-20,Stoptrein,Blauwnet,31234,False,False,0,113677509,HGLO,Hengelo Oost,2023-12-20T09:39:00+01:00,0.0,False,2023-12-20T09:39:00+01:00,0.0,False,False,1,1
12626766,2023-12-20,Stoptrein,Blauwnet,31234,False,False,0,113677510,HGL,Hengelo,2023-12-20T09:43:00+01:00,0.0,False,2023-12-20T09:46:00+01:00,0.0,False,False,2a,2a
12626781,2023-12-20,Sprinter,Blauwnet,7934,False,False,0,113677663,HGL,Hengelo,2023-12-20T09:43:00+01:00,4.0,False,2023-12-20T09:47:00+01:00,2.0,False,False,2b,2b
12626781,2023-12-20,Sprinter,Blauwnet,7934,False,False,0,113677664,BN,Borne,2023-12-20T09:52:00+01:00,2.0,False,2023-12-20T09:52:00+01:00,2.0,False,False,2,2
12626781,2023-12-20,Sprinter,Blauwnet,7934,False,False,0,113677665,AMRI,Almelo de Riet,2023-12-20T09:57:00+01:00,3.0,False,2023-12-20T09:57:00+01:00,3.0,False,False,1,1
12626781,2023-12-20,Sprinter,Blauwnet,7934,False,False,0,113677666,AML,Almelo,2023-12-20T10:00:00+01:00,2.0,False,2023-12-20T10:01:00+01:00,2.0,False,False,4b,4b
12626781,2023-12-20,Sprinter,Blauwnet,7934,False,False,0,113677667,WDN,Wierden,2023-12-20T10:05:00+01:00,2.0,False,2023-12-20T10:07:00+01:00,6.0,False,False,3,3
12626832,2023-12-20,Intercity,NS,1734,False,False,0,113678189,HGL,Hengelo,2023-12-20T09:52:00+01:00,0.0,False,2023-12-20T09:54:00+01:00,1.0,False,True,2a,3a
12626832,2023-12-20,Intercity,NS,1734,False,False,0,113678190,AML,Almelo,2023-12-20T10:05:00+01:00,0.0,False,2023-12-20T10:06:00+01:00,1.0,False,False,4b,4b
12626832,2023-12-20,Intercity,NS,1734,False,False,0,113678191,DV,Deventer,2023-12-20T10:30:00+01:00,1.0,False,2023-12-20T10:33:00+01:00,0.0,False,False,4,4
12626832,2023-12-20,Intercity,NS,1734,False,False,0,113678192,APD,Apeldoorn,2023-12-20T10:43:00+01:00,2.0,False,2023-12-20T10:44:00+01:00,2.0,False,False,1,1
12626832,2023-12-20,Intercity,NS,1734,False,False,0,113678193,AMF,Amersfoort Centraal,2023-12-20T11:08:00+01:00,2.0,False,2023-12-20T11:10:00+01:00,2.0,False,False,6,6
12626848,2023-12-20,Intercity,NS,1532,False,False,3,113678343,DV,Deventer,,,,2023-12-20T09:49:00+01:00,3.0,False,False,1,1
12626848,2023-12-20,Intercity,NS,1532,False,False,0,113678344,APD,Apeldoorn,2023-12-20T10:00:00+01:00,3.0,False,2023-12-20T10:00:00+01:00,3.0,False,False,1,1
12626848,2023-12-20,Intercity,NS,1532,False,False,0,113678345,AMF,Amersfoort Centraal,2023-12-20T10:24:00+01:00,1.0,False,2023-12-20T10:26:00+01:00,1.0,False,False,7,7
12626868,2023-12-20,Stoptrein,RRReis,31420,False,False,0,113678525,BNN,Barneveld Noord,2023-12-20T10:02:00+01:00,0.0,False,2023-12-20T10:03:00+01:00,0.0,False,False,1,1
12626868,2023-12-20,Stoptrein,RRReis,31420,False,False,0,113678526,HVL,Hoevelaken,2023-12-20T10:09:00+01:00,0.0,False,2023-12-20T10:10:00+01:00,0.0,False,False,1,1
12626868,2023-12-20,Stoptrein,RRReis,31420,False,False,0,113678527,AMF,Amersfoort Centraal,2023-12-20T10:16:00+01:00,0.0,False,,,,False,4b,4b
12626877,2023-12-20,Stoptrein,RRReis,31318,False,False,0,113678601,BNN,Barneveld Noord,2023-12-20T10:16:00+01:00,1.0,False,2023-12-20T10:17:00+01:00,1.0,False,False,1,1
12626877,2023-12-20,Stoptrein,RRReis,31318,False,False,0,113678602,HVL,Hoevelaken,2023-12-20T10:24:00+01:00,0.0,False,2023-12-20T10:25:00+01:00,0.0,False,False,1,1
12626877,2023-12-20,Stoptrein,RRReis,31318,False,False,0,113678603,AMF,Amersfoort Centraal,2023-12-20T10:31:00+01:00,0.0,False,,,,False,4b,4b
12626896,2023-12-20,Intercity,NS,1530,False,False,1,113678818,AMF,Amersfoort Centraal,,,,2023-12-20T09:56:00+01:00,0.0,False,False,5a,5a
12627038,2023-12-20,Stoptrein,RRReis,31422,False,False,0,113680271,BNN,Barneveld Noord,2023-12-20T10:32:00+01:00,0.0,False,2023-12-20T10:33:00+01:00,0.0,False,False,1,1
12627038,2023-12-20,Stoptrein,RRReis,31422,False,False,0,113680272,HVL,Hoevelaken,2023-12-20T10:39:00+01:00,0.0,False,2023-12-20T10:40:00+01:00,1.0,False,False,1,1
12627038,2023-12-20,Stoptrein,RRReis,31422,False,False,0,113680273,AMF,Amersfoort Centraal,2023-12-20T10:46:00+01:00,0.0,False,,,,False,4b,4b
12627049,2023-12-20,Stoptrein,RRReis,31320,False,False,0,113680372,BNN,Barneveld Noord,2023-12-20T10:46:00+01:00,1.0,False,2023-12-20T10:47:00+01:00,0.0,False,False,1,1
12627049,2023-12-20,Stoptrein,RRReis,31320,False,False,0,113680373,HVL,Hoevelaken,2023-12-20T10:54:00+01:00,0.0,False,2023-12-20T10:55:00+01:00,0.0,False,False,1,1
12627049,2023-12-20,Stoptrein,RRReis,31320,False,False,0,113680374,AMF,Amersfoort Centraal,2023-12-20T11:01:00+01:00,0.0,False,,,,False,4b,4b
12627200,2023-12-20,Stoptrein,RRReis,31424,False,False,0,113681886,BNN,Barneveld Noord,2023-12-20T11:02:00+01:00,0.0,False,2023-12-20T11:03:00+01:00,0.0,False,False,1,1
12627200,2023-12-20,Stoptrein,RRReis,31424,False,False,0,113681887,HVL,Hoevelaken,2023-12-20T11:09:00+01:00,0.0,False,2023-12-20T11:10:00+01:00,0.0,False,False,1,1
12627200,2023-12-20,Stoptrein,RRReis,31424,False,False,0,113681888,AMF,Amersfoort Centraal,2023-12-20T11:16:00+01:00,0.0,False,,,,False,4b,4b
